tariff_plan,profile,phi,gamma,eta,tau,flex_hour,flex_day,flex_week
tou,LP1,0,0,0.1,48,149.41628950224634,18.359329371832544,17.159721769827573
tou,LP1,0,0,0.2,48,138.52434124497768,18.926012748444,17.62931989750245
tou,LP1,0,0,0.5,48,111.21405387784156,22.347737686104814,20.555872146116215
tou,LP1,0,0,1,48,80.49996920016663,29.241253927577954,27.037192095742117
tou,LP1,0,0,2,48,110.47487586627413,107.66686759127195,106.68229735544541
tou,LP1,0,0.1,0.1,48,147.3229937360597,1.6545724283790277,0.5221332486323479
tou,LP1,0,0.1,0.2,48,134.67626944783618,1.671904119467864,0.5103551471687902
tou,LP1,0,0.1,0.5,48,102.6267153872414,1.439081886783395,0.35712392449199304
tou,LP1,0,0.1,1,48,70.07484898927406,0.40973011341625426,0.19819567920358644
tou,LP1,0,0.1,2,48,37.51713946161288,0.13810992013889775,0.12697158847520704
tou,LP1,0,0.25,0.1,48,142.93260147815982,1.2845188684366984,0.3954625322763863
tou,LP1,0,0.25,0.2,48,125.98175878719266,1.0378746133582033,0.3230224967212956
tou,LP1,0,0.25,0.5,48,91.29626292547397,0.6913206326884501,0.19787201124567164
tou,LP1,0,0.25,1,48,60.51518969478953,0.1099816872314893,0.10706339828178403
tou,LP1,0,0.25,2,48,34.40209804743816,0.0742190382637381,0.07345959889975298
tou,LP1,0,0.5,0.1,48,117.01587555168838,0.32878498969110964,0.19437689457805377
tou,LP1,0,0.5,0.2,48,98.1955423761781,0.22223840664553443,0.15164967364984971
tou,LP1,0,0.5,0.5,48,70.81735379948516,0.10428664679138021,0.10371529249634413
tou,LP1,0,0.5,1,48,48.856483633790845,0.07810090517002362,0.07639275185320817
tou,LP1,0,0.5,2,48,30.257594878038134,0.054990843924176934,0.05353169932848939
tou,LP1,0,1,0.1,48,70.75237447406049,0.09805445169032988,0.09805128389331948
tou,LP1,0,1,0.2,48,60.04030226261612,0.08517061975489375,0.08516347301673187
tou,LP1,0,1,0.5,48,46.07141504209813,0.06643641938315373,0.06643641938315623
tou,LP1,0,1,1,48,35.40867689991962,0.05214332349465847,0.05185764638764052
tou,LP1,0,1,2,48,24.428241817590717,0.03905045259752711,0.038196375939832286
tou,LP1,0,2,0.1,48,42.64895339243965,0.05452837558500894,0.054496146687039525
tou,LP1,0,2,0.2,48,35.37652726505921,0.049028982256553534,0.0490273983704868
tou,LP1,0,2,0.5,48,28.32772583192199,0.040371518551015936,0.04036782221366167
tou,LP1,0,2,1,48,23.03570752117902,0.0332182097994524,0.03321820979945418
tou,LP1,0,2,2,48,17.704338449953962,0.026071661755873894,0.025928823202380755
tou,LP1,0,5,0.1,48,22.678416200975217,0.024012765852080956,0.02397447431619967
tou,LP1,0,5,0.2,48,18.342870525946235,0.022416585235643154,0.02239798502207247
tou,LP1,0,5,0.5,48,14.150610906377374,0.019611593075766504,0.019610959521344225
tou,LP1,0,5,1,48,12.008060452848627,0.017034124083457586,0.01703269474993895
tou,LP1,0,5,2,48,9.886099694911165,0.01422247284904256,0.014222207397735434
tou,LP1,0,20,0.1,48,8.638925459753384,0.006625933407050314,0.006589564909695583
tou,LP1,0,20,0.2,48,6.970277172957662,0.006338981507750194,0.006322380499874222
tou,LP1,0,20,0.5,48,5.296587403550057,0.005884483694130927,0.005876694867618261
tou,LP1,0,20,1,48,4.264895339244179,0.005452837603891995,0.0054496147088880925
tou,LP1,0,20,2,48,3.5376527265975906,0.004902898269490138,0.0049027398808895156
tou,LP1,0.2,0,0.1,48,121.68740089316204,14.73437511524414,13.884938204724829
tou,LP1,0.2,0,0.2,48,114.59828868327871,14.880967141773446,13.950777245306966
tou,LP1,0.2,0,0.5,48,96.10355120177606,17.25848763375639,15.833059663121503
tou,LP1,0.2,0,1,48,71.77121371726692,16.92906894446755,15.208546571093358
tou,LP1,0.2,0,2,48,79.23083101018014,70.23119682568279,69.12864110930012
tou,LP1,0.2,0.1,0.1,48,120.29850491697479,1.3044662261006144,0.4330904423991469
tou,LP1,0.2,0.1,0.2,48,112.42439869579717,1.3748527456976054,0.4431559853576081
tou,LP1,0.2,0.1,0.5,48,90.87420213076196,1.3638488581077168,0.3703243272194405
tou,LP1,0.2,0.1,1,48,66.18931676446883,1.0425889036434133,0.2665559841489135
tou,LP1,0.2,0.1,2,48,37.51713946161288,0.13810992013889775,0.12697158847520704
tou,LP1,0.2,0.25,0.1,48,118.01328467633823,1.1913890245840804,0.3468575932676313
tou,LP1,0.2,0.25,0.2,48,108.36787963450242,1.0637663908642747,0.3192549058476682
tou,LP1,0.2,0.25,0.5,48,83.60507532382317,0.779057151511158,0.20805502625596747
tou,LP1,0.2,0.25,1,48,59.566316036080195,0.3099419563733157,0.12923391695338096
tou,LP1,0.2,0.25,2,48,34.40209804743816,0.0742190382637381,0.07345959889975298
tou,LP1,0.2,0.5,0.1,48,108.4411913621597,0.5122223502859097,0.22842368454778206
tou,LP1,0.2,0.5,0.2,48,94.25954653596544,0.35869975449930747,0.17693006188716742
tou,LP1,0.2,0.5,0.5,48,69.61941651126375,0.22299275893232076,0.11565581953564343
tou,LP1,0.2,0.5,1,48,48.856483633790845,0.07810090517002362,0.07639275185320817
tou,LP1,0.2,0.5,2,48,30.257594878038134,0.054990843924176934,0.05353169932848939
tou,LP1,0.2,1,0.1,48,70.59642306973019,0.11288283255189993,0.0987287762510622
tou,LP1,0.2,1,0.2,48,60.04030226261612,0.08517061975489375,0.08516347301673187
tou,LP1,0.2,1,0.5,48,46.07141504209813,0.06643641938315373,0.06643641938315623
tou,LP1,0.2,1,1,48,35.40867689991962,0.05214332349465847,0.05185764638764052
tou,LP1,0.2,1,2,48,24.428241817590717,0.03905045259752711,0.038196375939832286
tou,LP1,0.2,2,0.1,48,42.64861562979467,0.0545276631352887,0.054495420950157504
tou,LP1,0.2,2,0.2,48,35.37652726505921,0.049028982256553534,0.0490273983704868
tou,LP1,0.2,2,0.5,48,28.32772583192199,0.040371518551015936,0.04036782221366167
tou,LP1,0.2,2,1,48,23.03570752117902,0.0332182097994524,0.03321820979945418
tou,LP1,0.2,2,2,48,17.704338449953962,0.026071661755873894,0.025928823202380755
tou,LP1,0.2,5,0.1,48,22.678416200975217,0.024012765852080956,0.02397447431619967
tou,LP1,0.2,5,0.2,48,18.342870525946235,0.022416585235643154,0.02239798502207247
tou,LP1,0.2,5,0.5,48,14.150610906377374,0.019611593075766504,0.019610959521344225
tou,LP1,0.2,5,1,48,12.008060452848627,0.017034124083457586,0.01703269474993895
tou,LP1,0.2,5,2,48,9.886099694911165,0.01422247284904256,0.014222207397735434
tou,LP1,0.2,20,0.1,48,8.638925459753384,0.006625933407050314,0.006589564909695583
tou,LP1,0.2,20,0.2,48,6.970277172957662,0.006338981507750194,0.006322380499874222
tou,LP1,0.2,20,0.5,48,5.296587403550057,0.005884483694130927,0.005876694867618261
tou,LP1,0.2,20,1,48,4.264895339244179,0.005452837603891995,0.0054496147088880925
tou,LP1,0.2,20,2,48,3.5376527265975906,0.004902898269490138,0.0049027398808895156
tou,LP1,0.4,0,0.1,48,92.27025458163143,10.196676800844914,9.613963242699544
tou,LP1,0.4,0,0.2,48,88.40275330327482,10.402473567678962,9.69845046148443
tou,LP1,0.4,0,0.5,48,77.41791772878605,12.139095045451752,11.30607238107324
tou,LP1,0.4,0,1,48,61.67979127576723,13.143709002924298,12.048470221283086
tou,LP1,0.4,0,2,48,51.129725091513414,31.340177917332902,30.372087687552135
tou,LP1,0.4,0.1,0.1,48,92.0909229738414,0.9334661512447062,0.3862809580401357
tou,LP1,0.4,0.1,0.2,48,87.69508081341708,1.0540481935297417,0.38960280665624886
tou,LP1,0.4,0.1,0.5,48,75.14477659593304,1.163189487722713,0.3753155096496644
tou,LP1,0.4,0.1,1,48,58.337308952256564,1.1038353751424446,0.2797226464381769
tou,LP1,0.4,0.1,2,48,37.51362414149428,0.13899709046546355,0.1272751053819298
tou,LP1,0.4,0.25,0.1,48,91.27043417816755,0.8975412330421687,0.27712975854225363
tou,LP1,0.4,0.25,0.2,48,86.17226262351606,0.8963268802916825,0.27217287977963317
tou,LP1,0.4,0.25,0.5,48,71.79247765530211,0.8143727345977331,0.22038306566982188
tou,LP1,0.4,0.25,1,48,54.60343571212213,0.6579003692257349,0.15591348897483187
tou,LP1,0.4,0.25,2,48,34.40209804743816,0.0742190382637381,0.07345959889975298
tou,LP1,0.4,0.5,0.1,48,88.67465432165656,0.7592722512647795,0.23595450243316152
tou,LP1,0.4,0.5,0.2,48,81.8388210487574,0.6106078932525479,0.20766349321930686
tou,LP1,0.4,0.5,0.5,48,64.2007266082718,0.38897005826326786,0.13487112551502942
tou,LP1,0.4,0.5,1,48,47.92133512865958,0.20831490351430304,0.0889456618075031
tou,LP1,0.4,0.5,2,48,30.257594878038134,0.054990843924176934,0.05353169932848939
tou,LP1,0.4,1,0.1,48,67.72806397519862,0.18042369008974937,0.10983069043404754
tou,LP1,0.4,1,0.2,48,59.82139723120028,0.12672259101489775,0.08764624632874346
tou,LP1,0.4,1,0.5,48,46.07141504209813,0.06643641938315373,0.06643641938315623
tou,LP1,0.4,1,1,48,35.40867689991962,0.05214332349465847,0.05185764638764052
tou,LP1,0.4,1,2,48,24.428241817590717,0.03905045259752711,0.038196375939832286
tou,LP1,0.4,2,0.1,48,42.431425332475236,0.05540720117149793,0.054745863511037364
tou,LP1,0.4,2,0.2,48,35.37652726505921,0.049028982256553534,0.0490273983704868
tou,LP1,0.4,2,0.5,48,28.32772583192199,0.040371518551015936,0.04036782221366167
tou,LP1,0.4,2,1,48,23.03570752117902,0.0332182097994524,0.03321820979945418
tou,LP1,0.4,2,2,48,17.704338449953962,0.026071661755873894,0.025928823202380755
tou,LP1,0.4,5,0.1,48,22.678416200975217,0.024012765852080956,0.02397447431619967
tou,LP1,0.4,5,0.2,48,18.342870525946235,0.022416585235643154,0.02239798502207247
tou,LP1,0.4,5,0.5,48,14.150610906377374,0.019611593075766504,0.019610959521344225
tou,LP1,0.4,5,1,48,12.008060452848627,0.017034124083457586,0.01703269474993895
tou,LP1,0.4,5,2,48,9.886099694911165,0.01422247284904256,0.014222207397735434
tou,LP1,0.4,20,0.1,48,8.638925459753384,0.006625933407050314,0.006589564909695583
tou,LP1,0.4,20,0.2,48,6.970277172957662,0.006338981507750194,0.006322380499874222
tou,LP1,0.4,20,0.5,48,5.296587403550057,0.005884483694130927,0.005876694867618261
tou,LP1,0.4,20,1,48,4.264895339244179,0.005452837603891995,0.0054496147088880925
tou,LP1,0.4,20,2,48,3.5376527265975906,0.004902898269490138,0.0049027398808895156
tou,LP1,0.6000000000000001,0,0.1,48,61.53914908132033,8.080760688562089,7.774054622662871
tou,LP1,0.6000000000000001,0,0.2,48,60.84380492884999,7.366604406859714,6.9420117736965175
tou,LP1,0.6000000000000001,0,0.5,48,55.40973649802945,7.570405099378687,7.051727959003843
tou,LP1,0.6000000000000001,0,1,48,48.051964223737755,8.629722911933223,7.915753877520798
tou,LP1,0.6000000000000001,0,2,48,35.885729482925946,8.464754567321984,7.604466326281191
tou,LP1,0.6000000000000001,0.1,0.1,48,61.49486776988813,0.6275439584443322,0.287761308694699
tou,LP1,0.6000000000000001,0.1,0.2,48,60.53239376543009,0.682409656904959,0.2929230800258413
tou,LP1,0.6000000000000001,0.1,0.5,48,54.8234688635794,0.8651894885968952,0.3367408938367323
tou,LP1,0.6000000000000001,0.1,1,48,46.52465401714446,0.9103448470002699,0.302318242307718
tou,LP1,0.6000000000000001,0.1,2,48,34.15290068026817,0.8361825328330402,0.2379416402009965
tou,LP1,0.6000000000000001,0.25,0.1,48,61.48118812417506,0.6289330009248106,0.20978479981440024
tou,LP1,0.6000000000000001,0.25,0.2,48,59.956998801541005,0.6454878868970564,0.2024613173914683
tou,LP1,0.6000000000000001,0.25,0.5,48,53.87050778777151,0.6687616420968091,0.204142058726764
tou,LP1,0.6000000000000001,0.25,1,48,44.880351404746214,0.6154911347885662,0.1612769432230464
tou,LP1,0.6000000000000001,0.25,2,48,32.560652075343924,0.4331497332277335,0.11218740443747291
tou,LP1,0.6000000000000001,0.5,0.1,48,61.423704470467776,0.6045744423441093,0.18394789361008496
tou,LP1,0.6000000000000001,0.5,0.2,48,59.00679174081293,0.5956687932424797,0.17343484139848836
tou,LP1,0.6000000000000001,0.5,0.5,48,51.79160372102706,0.503601156837448,0.14931520903259
tou,LP1,0.6000000000000001,0.5,1,48,41.802537801459735,0.389528690126674,0.10402751074768936
tou,LP1,0.6000000000000001,0.5,2,48,29.783158073287883,0.1549709025361791,0.06461695506279486
tou,LP1,0.6000000000000001,1,0.1,48,58.093495275137094,0.3220340626169907,0.12481740224711933
tou,LP1,0.6000000000000001,1,0.2,48,54.22294944684083,0.25590091231214906,0.11418444880797082
tou,LP1,0.6000000000000001,1,0.5,48,44.19076787256978,0.15709430798005128,0.0803111214491009
tou,LP1,0.6000000000000001,1,1,48,34.80970941232216,0.11149650988265056,0.05782795264355664
tou,LP1,0.6000000000000001,1,2,48,24.428241817590717,0.03905045259752711,0.038196375939832286
tou,LP1,0.6000000000000001,2,0.1,48,39.73638860930281,0.088298819647044,0.05797737633490992
tou,LP1,0.6000000000000001,2,0.2,48,35.298211748904784,0.056441377069297416,0.0493643713142682
tou,LP1,0.6000000000000001,2,0.5,48,28.32772583192199,0.040371518551015936,0.04036782221366167
tou,LP1,0.6000000000000001,2,1,48,23.03570752117902,0.0332182097994524,0.03321820979945418
tou,LP1,0.6000000000000001,2,2,48,17.704338449953962,0.026071661755873894,0.025928823202380755
tou,LP1,0.6000000000000001,5,0.1,48,22.61518439560075,0.024150538427926974,0.02402610217918029
tou,LP1,0.6000000000000001,5,0.2,48,18.342870525946235,0.022416585235643154,0.02239798502207247
tou,LP1,0.6000000000000001,5,0.5,48,14.150610906377374,0.019611593075766504,0.019610959521344225
tou,LP1,0.6000000000000001,5,1,48,12.008060452848627,0.017034124083457586,0.01703269474993895
tou,LP1,0.6000000000000001,5,2,48,9.886099694911165,0.01422247284904256,0.014222207397735434
tou,LP1,0.6000000000000001,20,0.1,48,8.638925459753384,0.006625933407050314,0.006589564909695583
tou,LP1,0.6000000000000001,20,0.2,48,6.970277172957662,0.006338981507750194,0.006322380499874222
tou,LP1,0.6000000000000001,20,0.5,48,5.296587403550057,0.005884483694130927,0.005876694867618261
tou,LP1,0.6000000000000001,20,1,48,4.264895339244179,0.005452837603891995,0.0054496147088880925
tou,LP1,0.6000000000000001,20,2,48,3.5376527265975906,0.004902898269490138,0.0049027398808895156
tou,LP1,0.8,0,0.1,48,30.844603103260045,6.0306344490767545,5.930923487494026
tou,LP1,0.8,0,0.2,48,30.76960247649974,4.040664453312403,3.885349634474128
tou,LP1,0.8,0,0.5,48,29.886349389255326,3.6786171391092823,3.43798341541738
tou,LP1,0.8,0,1,48,27.703531272362717,3.7889757214954503,3.529828598523492
tou,LP1,0.8,0,2,48,24.02598386619787,4.314864101665688,3.9578699950258356
tou,LP1,0.8,0.1,0.1,48,30.74947448203274,0.3298103964866947,0.18471432277451086
tou,LP1,0.8,0.1,0.2,48,30.749687619381447,0.33612973747822894,0.21344952856634114
tou,LP1,0.8,0.1,0.5,48,29.79121224927428,0.4296795405058039,0.24133547107302097
tou,LP1,0.8,0.1,1,48,27.548698506404207,0.543603702590341,0.28195594025415066
tou,LP1,0.8,0.1,2,48,23.52218655972821,0.6227032287186943,0.27280367478240863
tou,LP1,0.8,0.25,0.1,48,30.750889860736674,0.3163094212063301,0.11873487095252656
tou,LP1,0.8,0.25,0.2,48,30.747882212092488,0.3133035001067803,0.1303999342617813
tou,LP1,0.8,0.25,0.5,48,29.66890085332637,0.3552462353575337,0.13590233482222525
tou,LP1,0.8,0.25,1,48,27.339986168869796,0.406841298343067,0.1454115633149908
tou,LP1,0.8,0.25,2,48,23.130073564187207,0.41512668235852035,0.1272028141083507
tou,LP1,0.8,0.5,0.1,48,30.752202392779402,0.3108418717594117,0.09799330800384215
tou,LP1,0.8,0.5,0.2,48,30.741025047877486,0.3144522001854374,0.10490529226028925
tou,LP1,0.8,0.5,0.5,48,29.46491072349492,0.33092729650016744,0.10443001537253724
tou,LP1,0.8,0.5,1,48,26.93525397497666,0.3343807686576085,0.10207102787315686
tou,LP1,0.8,0.5,2,48,22.44113282478894,0.3077158292873718,0.08058781305024884
tou,LP1,0.8,1,0.1,48,30.74015345820138,0.30012556192314777,0.08715482157136063
tou,LP1,0.8,1,0.2,48,30.728109446488638,0.3021381195267527,0.09192146937332578
tou,LP1,0.8,1,0.5,48,28.943514211730392,0.28377202827404213,0.08497634389895242
tou,LP1,0.8,1,1,48,25.895801723511376,0.2518005531947508,0.07465760319866252
tou,LP1,0.8,1,2,48,20.901395278483566,0.19481320269453412,0.05200984413198805
tou,LP1,0.8,2,0.1,48,30.001704694075197,0.1919773050658458,0.06653315070556737
tou,LP1,0.8,2,0.2,48,29.05051246139594,0.16073322625029093,0.06237720060196197
tou,LP1,0.8,2,0.5,48,26.194386639694645,0.11726889687944132,0.053580988844137624
tou,LP1,0.8,2,1,48,22.095385647333124,0.07854698430481932,0.04015550795049965
tou,LP1,0.8,2,2,48,17.40485544038498,0.05574833868961528,0.028914003939445255
tou,LP1,0.8,5,0.1,48,19.711881300186672,0.04927716456668644,0.02601385737472171
tou,LP1,0.8,5,0.2,48,17.459637521280886,0.025070236375800702,0.022774904701508763
tou,LP1,0.8,5,0.5,48,14.150474902330501,0.01961089085119184,0.019610257292497955
tou,LP1,0.8,5,1,48,12.008060452848627,0.017034124083457586,0.01703269474993895
tou,LP1,0.8,5,2,48,9.886099694911165,0.01422247284904256,0.014222207397735434
tou,LP1,0.8,20,0.1,48,8.615715756226377,0.006634982989983115,0.006594786540557991
tou,LP1,0.8,20,0.2,48,6.970277172957662,0.006338981507750194,0.006322380499874222
tou,LP1,0.8,20,0.5,48,5.296587403550057,0.005884483694130927,0.005876694867618261
tou,LP1,0.8,20,1,48,4.264895339244179,0.005452837603891995,0.0054496147088880925
tou,LP1,0.8,20,2,48,3.5376527265975906,0.004902898269490138,0.0049027398808895156
tou,LP1,1,0,0.1,48,3.10387512749253e-9,7.948588514932764e-13,7.909249105475727e-13
tou,LP1,1,0,0.2,48,5.568500523449613e-8,1.877795737270294e-11,1.8722111633710836e-11
tou,LP1,1,0,0.5,48,2.2274001274818865e-8,7.511150504207396e-12,7.48945299486769e-12
tou,LP1,1,0,1,48,1.1183397821766243e-8,4.6819575106785965e-12,4.629072366418826e-12
tou,LP1,1,0,2,48,5.6184786994740015e-9,2.3606484600678167e-12,2.335463126796868e-12
tou,LP1,1,0.1,0.1,48,2.8525354012856265e-8,2.8384845483704123e-8,2.8383634113785493e-8
tou,LP1,1,0.1,0.2,48,1.2390326782810348e-6,2.0139844470977614e-7,6.718670527082034e-8
tou,LP1,1,0.1,0.5,48,5.380781104403795e-7,2.136525174536147e-7,4.470589370032433e-8
tou,LP1,1,0.1,1,48,2.567791255193402e-7,2.0398744996551877e-7,1.0815014665658227e-7
tou,LP1,1,0.1,2,48,1.7405884565987194e-9,9.80490574576136e-11,8.989501177947533e-11
tou,LP1,1,0.25,0.1,48,1.0812631602045598e-6,9.262158038000229e-8,5.2094780199421804e-8
tou,LP1,1,0.25,0.2,48,1.0428329076306713e-6,1.9620291364200145e-7,1.0864402337692415e-7
tou,LP1,1,0.25,0.5,48,4.959828549712063e-7,8.067381798615538e-8,2.6684090310276564e-8
tou,LP1,1,0.25,1,48,2.741086955478121e-7,8.175545468417179e-8,1.981476803032583e-8
tou,LP1,1,0.25,2,48,1.21221237744572e-7,8.752146238591504e-8,2.8213182617134167e-8
tou,LP1,1,0.5,0.1,48,1.0551602383254585e-6,5.164799542890209e-8,4.758521532163664e-8
tou,LP1,1,0.5,0.2,48,8.259997715002e-6,7.960363493651877e-6,7.782966494359748e-6
tou,LP1,1,0.5,0.5,48,4.0777040235919325e-7,5.291603145515889e-8,2.588562898277933e-8
tou,LP1,1,0.5,1,48,2.5177233403108635e-7,4.195148707364625e-8,1.4068882395963763e-8
tou,LP1,1,0.5,2,48,1.3676464691658325e-7,4.041604696778987e-8,9.741477234206182e-9
tou,LP1,1,1,0.1,48,5.783609163720046e-7,1.7725283970172482e-8,1.4873521997994272e-8
tou,LP1,1,1,0.2,48,4.2973521654439516e-7,2.4643826827001835e-8,1.531859992481666e-8
tou,LP1,1,1,0.5,48,2.7269798015184106e-6,2.606194476910349e-6,2.5653867156002167e-6
tou,LP1,1,1,1,48,2.0682343868202481e-7,3.2044316667421074e-8,1.3357221690965424e-8
tou,LP1,1,1,2,48,1.231836373801206e-7,1.9678047968367116e-8,7.029716676852414e-9
tou,LP1,1,2,0.1,48,8.734973993236108e-5,8.685017296507104e-5,8.644133036008455e-5
tou,LP1,1,2,0.2,48,6.183733450289097e-5,6.118321953358605e-5,6.043657549238012e-5
tou,LP1,1,2,0.5,48,2.1173621792524525e-7,2.0164032716498802e-8,1.1167506777261104e-8
tou,LP1,1,2,1,48,1.0317616212572645e-6,9.722245540140412e-7,9.547974119507695e-7
tou,LP1,1,2,2,48,1.0453701372066532e-7,1.896766068410851e-8,8.219724160577849e-9
tou,LP1,1,5,0.1,48,1.5849234720628574e-4,1.5681226308755108e-4,1.5598123905914677e-4
tou,LP1,1,5,0.2,48,1.2114308934339804e-4,1.1952370591140987e-4,1.1890448538985447e-4
tou,LP1,1,5,0.5,48,2.4618480978677073e-5,2.4352153973582677e-5,2.4055085741083432e-5
tou,LP1,1,5,1,48,8.531124943527978e-8,5.549158291675987e-9,3.3947652198208352e-9
tou,LP1,1,5,2,48,1.0014493988751954e-6,9.74863013571422e-7,9.420251159344174e-7
tou,LP1,1,20,0.1,48,7.651679008041012e-6,7.519214469694639e-6,7.447557030706542e-6
tou,LP1,1,20,0.2,48,2.5130198895827493e-5,2.4919225464351866e-5,2.4736154183396226e-5
tou,LP1,1,20,0.5,48,3.933507959675853e-5,3.875801780465169e-5,3.858659537008886e-5
tou,LP1,1,20,1,48,2.4121262912674238e-5,2.3815637329624478e-5,2.3655023717554203e-5
tou,LP1,1,20,2,48,6.195266759062707e-6,6.129537697053117e-6,6.055539592199933e-6
dynamic,LP1,0,0,0.1,48,158.64800778131976,84.74154126982832,53.11838505857945
dynamic,LP1,0,0,0.2,48,148.9102676497824,84.22668153776166,59.42089711744541
dynamic,LP1,0,0,0.5,48,140.38988478251113,104.4248818680143,82.96279550643786
dynamic,LP1,0,0,1,48,141.3826733998049,126.99020297320004,103.86793700013544
dynamic,LP1,0,0,2,48,140.09109212759546,135.39998767957627,114.02557723990449
dynamic,LP1,0,0.1,0.1,48,146.16268049553705,10.7560030522249,1.784952245836171
dynamic,LP1,0,0.1,0.2,48,133.32319736444552,10.153314724905906,1.7248574336520952
dynamic,LP1,0,0.1,0.5,48,101.910185405666,10.462241215194831,1.7591831553731005
dynamic,LP1,0,0.1,1,48,69.71930401018936,11.799286493784354,1.800055031655274
dynamic,LP1,0,0.1,2,48,40.12882898465794,11.571972143259316,1.7613452228946609
dynamic,LP1,0,0.25,0.1,48,138.85378342388816,6.301382596488757,1.019419088317405
dynamic,LP1,0,0.25,0.2,48,123.36154198315886,6.336650504092646,1.0108853066071444
dynamic,LP1,0,0.25,0.5,48,90.21549452333022,6.475213401033966,1.028609664851087
dynamic,LP1,0,0.25,1,48,60.82318009680085,6.655847188270973,0.9893705030903307
dynamic,LP1,0,0.25,2,48,35.339484932057935,5.937589322783642,0.8602904683009783
dynamic,LP1,0,0.5,0.1,48,112.12391886610605,4.7434394086915574,0.7423602252889074
dynamic,LP1,0,0.5,0.2,48,97.29204121603883,4.629072957446092,0.7560910214279207
dynamic,LP1,0,0.5,0.5,48,70.93006018894218,4.330742506175973,0.6922181953014488
dynamic,LP1,0,0.5,1,48,49.289410367358336,3.9394966130963414,0.5988232701760907
dynamic,LP1,0,0.5,2,48,30.68782263603736,3.45117174041677,0.5110005350161223
dynamic,LP1,0,1,0.1,48,74.37312376212172,3.2972389837143337,0.5315776930588291
dynamic,LP1,0,1,0.2,48,61.978697723574854,2.993416522281501,0.49796068533578447
dynamic,LP1,0,1,0.5,48,47.22932774474185,2.5241390242879134,0.4079262083297252
dynamic,LP1,0,1,1,48,35.81850599836813,2.2255216956326795,0.35019921229217943
dynamic,LP1,0,1,2,48,24.657404186367085,1.9739614589427108,0.29949502923594146
dynamic,LP1,0,2,0.1,48,48.4210821242095,2.0173952393054604,0.32703455640663304
dynamic,LP1,0,2,0.2,48,38.516421263100185,1.7405769057647749,0.2848167949297445
dynamic,LP1,0,2,0.5,48,29.254558193389947,1.440073150897706,0.23698829666438198
dynamic,LP1,0,2,1,48,23.61723522033814,1.262099141122595,0.2039944054298674
dynamic,LP1,0,2,2,48,17.909252999185604,1.1127608478128665,0.17509960616116363
dynamic,LP1,0,5,0.1,48,26.384682782837388,1.0083118101989499,0.16239118946082748
dynamic,LP1,0,5,0.2,48,21.176315245336692,0.8537684479867661,0.13833851998589322
dynamic,LP1,0,5,0.5,48,15.450120695485973,0.6956231973348572,0.11380407914771529
dynamic,LP1,0,5,1,48,12.471832359077315,0.6031152941280373,0.09943630547111648
dynamic,LP1,0,5,2,48,10.169138163303389,0.5255506636217202,0.08569775138233776
dynamic,LP1,0,20,0.1,48,10.595767123714113,0.36791296806789453,0.05666651443353271
dynamic,LP1,0,20,0.2,48,8.269864641764245,0.3009738888048008,0.048668355765424574
dynamic,LP1,0,20,0.5,48,6.177842754610018,0.2388818549521098,0.03862758864157109
dynamic,LP1,0,20,1,48,4.91049903560884,0.2028556243480492,0.032805983439468354
dynamic,LP1,0,20,2,48,3.8625301738726816,0.17390579936127212,0.028451019792912396
dynamic,LP1,0.2,0,0.1,48,130.02347758377522,72.79579512009259,45.25220708301173
dynamic,LP1,0.2,0,0.2,48,122.08877750762178,68.06244475874388,46.72882434147114
dynamic,LP1,0.2,0,0.5,48,114.9016425980683,80.99021536657875,63.404401323840325
dynamic,LP1,0.2,0,1,48,114.62287814645704,98.8384408847831,81.83887896130169
dynamic,LP1,0.2,0,2,48,115.23860081458265,109.87510776549904,92.22960773669897
dynamic,LP1,0.2,0.1,0.1,48,119.6263731210411,10.22561352610855,1.725379498342098
dynamic,LP1,0.2,0.1,0.2,48,111.31518779774547,9.476780375626491,1.607439783142039
dynamic,LP1,0.2,0.1,0.5,48,90.21691708682594,9.331385602120024,1.6244442099301355
dynamic,LP1,0.2,0.1,1,48,65.51166775667662,10.083894291340467,1.6607759975767067
dynamic,LP1,0.2,0.1,2,48,39.767210328127156,11.184994666689233,1.7139047937108238
dynamic,LP1,0.2,0.25,0.1,48,116.05110640917083,5.713560510216201,0.9060996888802344
dynamic,LP1,0.2,0.25,0.2,48,106.28385345013909,5.509299525296664,0.9110351903709751
dynamic,LP1,0.2,0.25,0.5,48,82.76461827755291,5.792234535106494,0.9122307056970969
dynamic,LP1,0.2,0.25,1,48,58.911439643501545,6.0774494786966775,0.92364290194278
dynamic,LP1,0.2,0.25,2,48,35.30813076085232,5.911807783305341,0.8604365202430991
dynamic,LP1,0.2,0.5,0.1,48,102.21543544526688,4.200669311556718,0.6755494411505397
dynamic,LP1,0.2,0.5,0.2,48,91.2210495925131,4.146535746789526,0.6538172281935463
dynamic,LP1,0.2,0.5,0.5,48,68.90141184321303,4.045436707645003,0.6552132104471333
dynamic,LP1,0.2,0.5,1,48,49.06255666230355,3.8797711447507344,0.5894265489466283
dynamic,LP1,0.2,0.5,2,48,30.68782263603736,3.45117174041677,0.5110005350161223
dynamic,LP1,0.2,1,0.1,48,71.28127815578397,3.0826001496840574,0.47948694936283687
dynamic,LP1,0.2,1,0.2,48,61.30181540867305,2.889181914834148,0.4806315639837144
dynamic,LP1,0.2,1,0.5,48,47.17671852150735,2.5173852048011884,0.40795461772248587
dynamic,LP1,0.2,1,1,48,35.81850599836813,2.2255216956326795,0.35019921229217943
dynamic,LP1,0.2,1,2,48,24.657404186367085,1.9739614589427108,0.29949502923594146
dynamic,LP1,0.2,2,0.1,48,47.649701311172166,1.9953970781237838,0.3189611794338632
dynamic,LP1,0.2,2,0.2,48,38.36360453609956,1.7360702877495948,0.28511246912975696
dynamic,LP1,0.2,2,0.5,48,29.249830048730935,1.440016938729953,0.23689195129689372
dynamic,LP1,0.2,2,1,48,23.61723522033814,1.262099141122595,0.2039944054298674
dynamic,LP1,0.2,2,2,48,17.909252999185604,1.1127608478128665,0.17509960616116363
dynamic,LP1,0.2,5,0.1,48,26.2560788226253,1.006075517901284,0.1622650721258083
dynamic,LP1,0.2,5,0.2,48,21.14803981265777,0.8539323870788975,0.1384694355233455
dynamic,LP1,0.2,5,0.5,48,15.450120695485973,0.6956231973348572,0.11380407914771529
dynamic,LP1,0.2,5,1,48,12.471832359077315,0.6031152941280373,0.09943630547111648
dynamic,LP1,0.2,5,2,48,10.169138163303389,0.5255506636217202,0.08569775138233776
dynamic,LP1,0.2,20,0.1,48,10.57892563989105,0.3680785611489496,0.056747201933054076
dynamic,LP1,0.2,20,0.2,48,8.269864641764245,0.3009738888048008,0.048668355765424574
dynamic,LP1,0.2,20,0.5,48,6.177842754610018,0.2388818549521098,0.03862758864157109
dynamic,LP1,0.2,20,1,48,4.91049903560884,0.2028556243480492,0.032805983439468354
dynamic,LP1,0.2,20,2,48,3.8625301738726816,0.17390579936127212,0.028451019792912396
dynamic,LP1,0.4,0,0.1,48,100.25427536435376,59.94791370289128,37.31194605686407
dynamic,LP1,0.4,0,0.2,48,94.53371827489799,53.206086979500355,35.62405441679175
dynamic,LP1,0.4,0,0.5,48,88.3285973472912,58.218499152557754,44.81484703413204
dynamic,LP1,0.4,0,1,48,86.89907501750135,71.11952138687214,57.62856803029909
dynamic,LP1,0.4,0,2,48,88.51808712891169,82.59234147245473,69.4791762047097
dynamic,LP1,0.4,0.1,0.1,48,91.75718123227499,9.862825388871737,1.661500207897999
dynamic,LP1,0.4,0.1,0.2,48,87.00453003361733,8.841896258231644,1.5413906562945852
dynamic,LP1,0.4,0.1,0.5,48,74.59987751654106,8.255584922659505,1.4783730472134131
dynamic,LP1,0.4,0.1,1,48,58.17115207370321,8.516151052748985,1.525181422053705
dynamic,LP1,0.4,0.1,2,48,38.39469171831202,9.860550313838155,1.5711534925176447
dynamic,LP1,0.4,0.25,0.1,48,90.04493565844044,5.174651886078728,0.8388530200871583
dynamic,LP1,0.4,0.25,0.2,48,84.81508896607889,4.90509391615437,0.8032361662118117
dynamic,LP1,0.4,0.25,0.5,48,71.00607258681856,4.882719429179222,0.8022027156432873
dynamic,LP1,0.4,0.25,1,48,54.055831515394466,5.126811699458768,0.8213638820557599
dynamic,LP1,0.4,0.25,2,48,34.910882384157375,5.637795505420739,0.822680362753427
dynamic,LP1,0.4,0.5,0.1,48,85.22674884883246,3.6063627259922555,0.5790753229010932
dynamic,LP1,0.4,0.5,0.2,48,78.75200892220359,3.497118401543703,0.5640541253883831
dynamic,LP1,0.4,0.5,0.5,48,63.30967971167003,3.5471584008506807,0.5636578644953616
dynamic,LP1,0.4,0.5,1,48,47.38936530247528,3.5500423182703953,0.5516161317879463
dynamic,LP1,0.4,0.5,2,48,30.628960344565265,3.4200315248750774,0.5103229552288225
dynamic,LP1,0.4,1,0.1,48,65.46730321760886,2.714061735622836,0.41105865218021587
dynamic,LP1,0.4,1,0.2,48,58.858273280351696,2.5955604872418054,0.4104189324772419
dynamic,LP1,0.4,1,0.5,48,46.67067821600111,2.434943420901131,0.4055971277142869
dynamic,LP1,0.4,1,1,48,35.74608949343416,2.214162136579222,0.3488948714463513
dynamic,LP1,0.4,1,2,48,24.657404186367085,1.9739614589427108,0.29949502923594146
dynamic,LP1,0.4,2,0.1,48,45.47015692297897,1.90734891251107,0.30043948102035206
dynamic,LP1,0.4,2,0.2,48,37.90073091628121,1.7087547647083896,0.2798002543009746
dynamic,LP1,0.4,2,0.5,48,29.223137333389566,1.4414126334441417,0.23743146167809873
dynamic,LP1,0.4,2,1,48,23.61723522033814,1.262099141122595,0.2039944054298674
dynamic,LP1,0.4,2,2,48,17.909252999185604,1.1127608478128665,0.17509960616116363
dynamic,LP1,0.4,5,0.1,48,25.97134261938105,0.9977175916025369,0.1603342304843958
dynamic,LP1,0.4,5,0.2,48,21.05482918300767,0.8529819668259125,0.13757318309492825
dynamic,LP1,0.4,5,0.5,48,15.446538259408209,0.6955787535355362,0.1138120056104391
dynamic,LP1,0.4,5,1,48,12.471832359077315,0.6031152941280373,0.09943630547111648
dynamic,LP1,0.4,5,2,48,10.169138163303389,0.5255506636217202,0.08569775138233776
dynamic,LP1,0.4,20,0.1,48,10.535355625070535,0.36787424975506505,0.05687062612492122
dynamic,LP1,0.4,20,0.2,48,8.262972592257709,0.3009762384529285,0.048691200491605253
dynamic,LP1,0.4,20,0.5,48,6.177842754610018,0.2388818549521098,0.03862758864157109
dynamic,LP1,0.4,20,1,48,4.91049903560884,0.2028556243480492,0.032805983439468354
dynamic,LP1,0.4,20,2,48,3.8625301738726816,0.17390579936127212,0.028451019792912396
dynamic,LP1,0.6000000000000001,0,0.1,48,69.31317466052643,45.22919223110295,28.331538038295058
dynamic,LP1,0.6000000000000001,0,0.2,48,65.65735903237997,38.94244346379363,25.607059799991806
dynamic,LP1,0.6000000000000001,0,0.5,48,60.74327754685843,36.832514782543626,27.177990493390592
dynamic,LP1,0.6000000000000001,0,1,48,58.843901965421196,43.33062943069083,34.28106224583816
dynamic,LP1,0.6000000000000001,0,2,48,59.60195890169922,52.73919969681011,43.8895027044867
dynamic,LP1,0.6000000000000001,0.1,0.1,48,62.74356376539943,9.464086979338147,1.60370569788342
dynamic,LP1,0.6000000000000001,0.1,0.2,48,60.377745074016595,8.254323066051972,1.4941053396144144
dynamic,LP1,0.6000000000000001,0.1,0.5,48,54.557007657915754,7.202262919267388,1.35983036398565
dynamic,LP1,0.6000000000000001,0.1,1,48,46.39051430029055,7.033709190934432,1.3534479412464717
dynamic,LP1,0.6000000000000001,0.1,2,48,34.21595862338093,7.475729226446694,1.3715471393825078
dynamic,LP1,0.6000000000000001,0.25,0.1,48,61.89289248645749,4.7636140570077705,0.7622977394211181
dynamic,LP1,0.6000000000000001,0.25,0.2,48,59.55139875576405,4.393632068209513,0.7325509821609061
dynamic,LP1,0.6000000000000001,0.25,0.5,48,53.32923781662663,4.0613500082705825,0.6899451001184256
dynamic,LP1,0.6000000000000001,0.25,1,48,44.50785006750414,4.121669131565628,0.6973200089518179
dynamic,LP1,0.6000000000000001,0.25,2,48,32.16920019451266,4.4510638789976555,0.7118071569634947
dynamic,LP1,0.6000000000000001,0.5,0.1,48,60.62776430383088,3.0029757243993416,0.46435997056665573
dynamic,LP1,0.6000000000000001,0.5,0.2,48,58.025552683696674,2.856780609689355,0.45304945970601124
dynamic,LP1,0.6000000000000001,0.5,0.5,48,50.91571519832488,2.783900892310589,0.45313050446824243
dynamic,LP1,0.6000000000000001,0.5,1,48,41.38230868913305,2.896117150846106,0.4561153489831654
dynamic,LP1,0.6000000000000001,0.5,2,48,29.45527668427043,3.038527668941157,0.461754056238157
dynamic,LP1,0.6000000000000001,1,0.1,48,54.28423408901903,2.205213281916704,0.35491380926320865
dynamic,LP1,0.6000000000000001,1,0.2,48,51.10771255904446,2.1003339976736415,0.33777485850786226
dynamic,LP1,0.6000000000000001,1,0.5,48,43.2465745214449,2.0665146384857014,0.3289767093089133
dynamic,LP1,0.6000000000000001,1,1,48,34.45070582659394,2.0227183276682648,0.3276066002027657
dynamic,LP1,0.6000000000000001,1,2,48,24.531278346803624,1.9398854143586168,0.2947132703708291
dynamic,LP1,0.6000000000000001,2,0.1,48,40.00387162596217,1.6517830197773617,0.2438207825072124
dynamic,LP1,0.6000000000000001,2,0.2,48,35.64063797883543,1.5412995677508992,0.23974355478094145
dynamic,LP1,0.6000000000000001,2,0.5,48,28.96883956928489,1.4068780772447558,0.23514370003441232
dynamic,LP1,0.6000000000000001,2,1,48,23.588359263011878,1.2586926373939804,0.20397730470756628
dynamic,LP1,0.6000000000000001,2,2,48,17.909252999185604,1.1127608478128665,0.17509960616116363
dynamic,LP1,0.6000000000000001,5,0.1,48,24.81728720723515,0.9771011380670527,0.15422675052336987
dynamic,LP1,0.6000000000000001,5,0.2,48,20.739607677854924,0.8457431499108117,0.13524535144508631
dynamic,LP1,0.6000000000000001,5,0.5,48,15.406569955706418,0.6962307627544989,0.11392672182445104
dynamic,LP1,0.6000000000000001,5,1,48,12.470925430112606,0.603142175061188,0.09941822773770721
dynamic,LP1,0.6000000000000001,5,2,48,10.169138163303389,0.5255506636217202,0.08569775138233776
dynamic,LP1,0.6000000000000001,20,0.1,48,10.419628032223867,0.3668136335727504,0.05668930253786281
dynamic,LP1,0.6000000000000001,20,0.2,48,8.229580058030527,0.3006879340513385,0.048700824795612475
dynamic,LP1,0.6000000000000001,20,0.5,48,6.177392219849872,0.2388824339213815,0.0386355322460089
dynamic,LP1,0.6000000000000001,20,1,48,4.91049903560884,0.2028556243480492,0.032805983439468354
dynamic,LP1,0.6000000000000001,20,2,48,3.8625301738726816,0.17390579936127212,0.028451019792912396
dynamic,LP1,0.8,0,0.1,48,36.64574760288656,27.87044116967795,17.898173711399505
dynamic,LP1,0.8,0,0.2,48,34.79962763915352,23.21007722116772,14.920498903167772
dynamic,LP1,0.8,0,0.5,48,32.186014835328265,18.665362691405253,12.466792579113266
dynamic,LP1,0.8,0,1,48,30.40180729763895,18.490806071759263,13.669837829578654
dynamic,LP1,0.8,0,2,48,29.57603126255049,21.967440251030546,17.392437282738886
dynamic,LP1,0.8,0.1,0.1,48,32.723487107628415,8.073242902613059,1.4447783332164277
dynamic,LP1,0.8,0.1,0.2,48,31.744099417548302,7.315824874217382,1.3694718241786519
dynamic,LP1,0.8,0.1,0.5,48,29.941588668070075,5.936542646871389,1.23097737664846
dynamic,LP1,0.8,0.1,1,48,27.580385083098484,5.288789926840859,1.1736794174923764
dynamic,LP1,0.8,0.1,2,48,23.682849358850255,5.115154685947242,1.1700002386563266
dynamic,LP1,0.8,0.25,0.1,48,32.1834047129156,4.291412607160344,0.6984707720653681
dynamic,LP1,0.8,0.25,0.2,48,31.27959774002538,4.02422674172825,0.6667888647954218
dynamic,LP1,0.8,0.25,0.5,48,29.59783682145031,3.426071005800979,0.607418862651868
dynamic,LP1,0.8,0.25,1,48,27.169244150534862,3.138760285331609,0.5687185871406908
dynamic,LP1,0.8,0.25,2,48,23.02018828287717,3.074434507813308,0.565680750740495
dynamic,LP1,0.8,0.5,0.1,48,31.769405913438877,2.486737218012912,0.390504218072135
dynamic,LP1,0.8,0.5,0.2,48,30.94644476402055,2.381806502836285,0.38114852022270956
dynamic,LP1,0.8,0.5,0.5,48,29.232444594225424,2.151176374115106,0.356978916931672
dynamic,LP1,0.8,0.5,1,48,26.664618954466487,2.0306749689219656,0.34497253000771727
dynamic,LP1,0.8,0.5,2,48,22.253924836292946,2.0608346937775295,0.3486600819538812
dynamic,LP1,0.8,1,0.1,48,31.042974015426335,1.554756222003055,0.2420683023476707
dynamic,LP1,0.8,1,0.2,48,30.31388748690968,1.5014862562146722,0.2321798132126544
dynamic,LP1,0.8,1,0.5,48,28.384921777596766,1.4068442793455398,0.22590904683671265
dynamic,LP1,0.8,1,1,48,25.457857815845998,1.3919504752438128,0.22656524667838132
dynamic,LP1,0.8,1,2,48,20.691154061846934,1.4480585066036733,0.22805767354473022
dynamic,LP1,0.8,2,0.1,48,28.20603128452793,1.1618104416658726,0.18328715482505897
dynamic,LP1,0.8,2,0.2,48,27.14212564280992,1.1026070550878995,0.17745698310508826
dynamic,LP1,0.8,2,0.5,48,24.812473895226795,1.0385544773453739,0.16541192610603794
dynamic,LP1,0.8,2,1,48,21.623287273289655,1.0332573486603525,0.16448836139784415
dynamic,LP1,0.8,2,2,48,17.225239585721358,1.0113242189771188,0.16379576033983892
dynamic,LP1,0.8,5,0.1,48,20.06891100654449,0.8012771968245177,0.12346280137681291
dynamic,LP1,0.8,5,0.2,48,18.032785882145667,0.745935340350535,0.11287698787413611
dynamic,LP1,0.8,5,0.5,48,14.874676039887293,0.659452422415948,0.106317365184165
dynamic,LP1,0.8,5,1,48,12.395752031726746,0.5986790751385056,0.09959247392913012
dynamic,LP1,0.8,5,2,48,10.165167894308398,0.5255947734904513,0.08564515503765135
dynamic,LP1,0.8,20,0.1,48,9.844351174543,0.3516254874474036,0.05273853627909727
dynamic,LP1,0.8,20,0.2,48,8.035933072927733,0.29610573858781647,0.0471910597058333
dynamic,LP1,0.8,20,0.5,48,6.13737860863955,0.23856044235140225,0.03816091447679289
dynamic,LP1,0.8,20,1,48,4.90535139134332,0.20277130856622586,0.03283863363261499
dynamic,LP1,0.8,20,2,48,3.8625301738726816,0.17390579936127212,0.028451019792912396
dynamic,LP1,1,0,0.1,48,1.1065595040246033e-4,1.1035263811199857e-4,1.0853363904417927e-4
dynamic,LP1,1,0,0.2,48,1.144674631222378e-4,1.1415374415318543e-4,1.1227208950670065e-4
dynamic,LP1,1,0,0.5,48,1.1574256469368973e-4,1.1542543723932293e-4,1.1352282097111513e-4
dynamic,LP1,1,0,1,48,1.154998690282522e-4,1.148670389665575e-4,1.1107065189501997e-4
dynamic,LP1,1,0,2,48,1.1862278495703422e-4,1.17322704605854e-4,1.0952465511358932e-4
dynamic,LP1,1,0.1,0.1,48,1.133070889261239e-4,1.1301344448901506e-4,1.1118871018319842e-4
dynamic,LP1,1,0.1,0.2,48,1.1344971413264057e-4,1.131475143810881e-4,1.1130197901698313e-4
dynamic,LP1,1,0.1,0.5,48,1.1502427690355061e-4,1.1471268843566218e-4,1.1282988318960236e-4
dynamic,LP1,1,0.1,1,48,1.187003632062064e-4,1.1805376314538326e-4,1.141587142609608e-4
dynamic,LP1,1,0.1,2,48,1.192395407359261e-4,1.1793648850448685e-4,1.101046320126074e-4
dynamic,LP1,1,0.25,0.1,48,1.1166477462037263e-4,1.1139693904391775e-4,1.0964679984469203e-4
dynamic,LP1,1,0.25,0.2,48,1.1064193244800425e-4,1.1035894684307035e-4,1.085852294495111e-4
dynamic,LP1,1,0.25,0.5,48,1.1526225342253927e-4,1.1495522912622767e-4,1.1308021962149076e-4
dynamic,LP1,1,0.25,1,48,1.1535140284462242e-4,1.1472837223330178e-4,1.1095265424371505e-4
dynamic,LP1,1,0.25,2,48,1.1472663007655916e-4,1.1347784598798625e-4,1.0614120246664592e-4
dynamic,LP1,1,0.5,0.1,48,1.0800174520520837e-4,1.0776988640512694e-4,1.0613756041401992e-4
dynamic,LP1,1,0.5,0.2,48,1.1144982299878235e-4,1.1118227539336907e-4,1.0943473691556746e-4
dynamic,LP1,1,0.5,0.5,48,1.1386256120099723e-4,1.1356743943966969e-4,1.1173337226557474e-4
dynamic,LP1,1,0.5,1,48,1.1681646605524549e-4,1.1619437447024827e-4,1.1238637003982459e-4
dynamic,LP1,1,0.5,2,48,1.1778077401111452e-4,1.1650801511644762e-4,1.087985201715005e-4
dynamic,LP1,1,1,0.1,48,1.1184592515979599e-4,1.1164431429102322e-4,1.1003955045545735e-4
dynamic,LP1,1,1,0.2,48,1.1365796951609844e-4,1.1341353415906458e-4,1.1169451894343219e-4
dynamic,LP1,1,1,0.5,48,1.1699202356852073e-4,1.1670409175508698e-4,1.1485378034625743e-4
dynamic,LP1,1,1,1,48,1.1457103418556833e-4,1.1397762195427019e-4,1.102717760063114e-4
dynamic,LP1,1,1,2,48,1.2057498091278073e-4,1.1929020255241746e-4,1.11431698197241e-4
dynamic,LP1,1,2,0.1,48,1.142465125193656e-4,1.1408419809939897e-4,1.1254218592304444e-4
dynamic,LP1,1,2,0.2,48,1.1205764772601685e-4,1.1185525552871197e-4,1.1024643682354516e-4
dynamic,LP1,1,2,0.5,48,1.1501972874795767e-4,1.1476166154879672e-4,1.1299820179768473e-4
dynamic,LP1,1,2,1,48,1.1091250949501902e-4,1.1036782232152504e-4,1.0683251776226877e-4
dynamic,LP1,1,2,2,48,1.1662128668015193e-4,1.154130641420324e-4,1.0787354526675319e-4
dynamic,LP1,1,5,0.1,48,1.1390308996383222e-4,1.137891661061642e-4,1.123585774340634e-4
dynamic,LP1,1,5,0.2,48,1.1628228950674109e-4,1.1613027850007301e-4,1.1459017085253116e-4
dynamic,LP1,1,5,0.5,48,1.1324203376191451e-4,1.1303791346348218e-4,1.1140839193089749e-4
dynamic,LP1,1,5,1,48,1.1981223340460738e-4,1.1929692558157267e-4,1.1560382674595976e-4
dynamic,LP1,1,5,2,48,1.2242464873298676e-4,1.2124885458186187e-4,1.1349678769313633e-4
dynamic,LP1,1,20,0.1,48,1.1533330448797219e-4,1.1518395573340001e-4,1.1223276619813389e-4
dynamic,LP1,1,20,0.2,48,1.1574390975180429e-4,1.154921776352623e-4,1.1122674109701992e-4
dynamic,LP1,1,20,0.5,48,1.1673167492027194e-4,1.1625579323503566e-4,1.1003768058389382e-4
dynamic,LP1,1,20,1,48,1.0586025662462096e-4,1.0528912757575771e-4,9.93966485330144e-5
dynamic,LP1,1,20,2,48,1.1928436502842397e-4,1.1797853541112317e-4,1.0750545579617009e-4
tou,LP1,0,0,0.1,24,149.41628950224694,18.359329371832537,17.1597217698275
tou,LP1,0,0,0.2,24,138.52434124497856,18.926012748444005,17.629319897502413
tou,LP1,0,0,0.5,24,111.21405387784176,22.347737686104836,20.55587214611624
tou,LP1,0,0,1,24,80.49996920016665,29.241253927577954,27.037192095742107
tou,LP1,0,0,2,24,110.47487586626013,107.66686759125383,106.6822973554266
tou,LP1,0,0,0.1,72,149.41628950224572,18.359329371832533,17.159721769827613
tou,LP1,0,0,0.2,72,138.5243412449793,18.92601274844401,17.629319897502395
tou,LP1,0,0,0.5,72,111.21405387784176,22.34773768610482,20.555872146116215
tou,LP1,0,0,1,72,80.49996920016665,29.241253927577983,27.037192095742135
tou,LP1,0,0,2,72,110.47487586624413,107.66686759123584,106.6822973554084
tou,LP1,0,0.1,0.1,24,141.79786791950852,1.3864578355799018,0.7604148098362324
tou,LP1,0,0.1,0.2,24,123.82544189342471,1.0975490726851098,0.6025722230210521
tou,LP1,0,0.1,0.5,24,89.23183921080835,0.6978704278535984,0.3696414873694908
tou,LP1,0,0.1,1,24,59.04743507597617,0.2094130926843405,0.20883862780605947
tou,LP1,0,0.1,2,24,33.92420369551288,0.179073896522409,0.17897052271827354
tou,LP1,0,0.1,0.1,72,148.22985678061943,1.7194109354661689,0.4304666514177378
tou,LP1,0,0.1,0.2,72,136.49619582121164,1.9112343115110917,0.4310090728286852
tou,LP1,0,0.1,0.5,72,105.79865296707327,1.8517521954613974,0.30702664061350565
tou,LP1,0,0.1,1,72,73.1322635263566,0.7647134953033101,0.19697892022163627
tou,LP1,0,0.1,2,72,38.580024250083866,0.15982922634713265,0.12902042958196647
tou,LP1,0,0.25,0.1,24,93.99043615465794,0.20029881560191212,0.17801288080408093
tou,LP1,0,0.25,0.2,24,78.83034452028308,0.15367631561732467,0.15367088046775987
tou,LP1,0,0.25,0.5,24,58.706193609807315,0.1261812107080697,0.12617919312753048
tou,LP1,0,0.25,1,24,42.66128178131983,0.10621878439810245,0.10597392893241234
tou,LP1,0,0.25,2,24,27.735064663630055,0.08879647389314332,0.08835911052912203
tou,LP1,0,0.25,0.1,72,146.4785225399879,1.5724100938150096,0.36629396769507977
tou,LP1,0,0.25,0.2,72,132.9104068100939,1.4816154203978966,0.330081957538055
tou,LP1,0,0.25,0.5,72,99.89815937206639,1.195045557942942,0.21246986298931433
tou,LP1,0,0.25,1,72,67.62367969163049,0.2159950197647961,0.10880478026353096
tou,LP1,0,0.25,2,72,36.68314375707415,0.0713397929080755,0.06482037481909572
tou,LP1,0,0.5,0.1,24,55.269601180858864,0.0955314372244049,0.0955105004341813
tou,LP1,0,0.5,0.2,24,47.062147313038395,0.08670563186318919,0.08669550989977833
tou,LP1,0,0.5,0.5,24,36.926670995357334,0.07352850148855132,0.0735280372170882
tou,LP1,0,0.5,1,24,29.353096805099664,0.06309060542926025,0.06308959665230895
tou,LP1,0,0.5,2,24,21.330640890676687,0.05310939220143031,0.052986964468673424
tou,LP1,0,0.5,0.1,72,141.76525301511708,1.2064123451614477,0.3155100232804454
tou,LP1,0,0.5,0.2,72,123.89119052776488,0.9403311656512585,0.24626889301193386
tou,LP1,0,0.5,0.5,72,89.32051225363159,0.5955121340899692,0.15070413229759727
tou,LP1,0,0.5,1,72,59.12144113788248,0.08932208380813286,0.08467675484659874
tou,LP1,0,0.5,2,72,33.94168456577211,0.05307199775946712,0.05164439771994917
tou,LP1,0,1,0.1,24,34.34099351210593,0.0513465750937985,0.0513287230014986
tou,LP1,0,1,0.2,24,27.63480059353316,0.047765721593695895,0.047755253154686934
tou,LP1,0,1,0.5,24,22.295191038912773,0.041806627835146555,0.04180308467025731
tou,LP1,0,1,1,24,18.46333549818475,0.036764250830278,0.03676401867264497
tou,LP1,0,1,2,24,14.67654840254314,0.031545302724993216,0.03154479833653345
tou,LP1,0,1,0.1,72,110.2373049543188,0.2629191871558243,0.16088191613322678
tou,LP1,0,1,0.2,72,92.49828213511557,0.16440804258639072,0.128104878555051
tou,LP1,0,1,0.5,72,67.22341988690533,0.09063616714361358,0.09003626749438627
tou,LP1,0,1,1,72,47.086424002789904,0.06643849468561851,0.06430212162042379
tou,LP1,0,1,2,72,29.56072059345399,0.04466104205741287,0.04233837755266355
tou,LP1,0,2,0.1,24,21.254510632409477,0.027038783744015846,0.02702785962755349
tou,LP1,0,2,0.2,24,17.170496756052966,0.025673287546899654,0.025664361500750903
tou,LP1,0,2,0.5,24,13.106370291302447,0.023211197969877414,0.02320690692336845
tou,LP1,0,2,1,24,11.147595519780598,0.020903313981334163,0.02090154237783903
tou,LP1,0,2,2,24,9.231667749102156,0.01838212542592773,0.018382009347086743
tou,LP1,0,2,0.1,72,65.71798787094674,0.08743291978844178,0.08726839507829948
tou,LP1,0,2,0.2,72,55.93902652962697,0.07573882918108443,0.07559419949051564
tou,LP1,0,2,0.5,72,43.20884136662167,0.05857125373303002,0.058504392094915314
tou,LP1,0,2,1,72,33.611709943597305,0.04531808369133784,0.04501813386465873
tou,LP1,0,2,2,72,23.543212001887373,0.03321924734985797,0.03215106081766442
tou,LP1,0,5,0.1,24,11.15469783904812,0.011378225291419464,0.011376083685837517
tou,LP1,0,5,0.2,24,9.103145441485884,0.010966659091654755,0.010962856264687538
tou,LP1,0,5,0.5,24,6.868198702425909,0.010269315095108799,0.01026574464419512
tou,LP1,0,5,1,24,5.526960118876433,0.009553144386363234,0.009551050671216367
tou,LP1,0,5,2,24,4.706214731512129,0.008670563230788015,0.0086695510212055
tou,LP1,0,5,0.1,72,34.23003075420788,0.04001245825384928,0.03994320392400985
tou,LP1,0,5,0.2,72,27.67327958418457,0.0363358232846556,0.03626955531421485
tou,LP1,0,5,0.5,72,22.37561061227746,0.030295531908965674,0.030237680004562482
tou,LP1,0,5,1,72,18.534409205231277,0.025161419134762816,0.02511816453698911
tou,LP1,0,5,2,72,14.727456596547679,0.0198026199003956,0.019741629474580254
tou,LP1,0,20,0.1,24,4.599051866859804,0.0028503804573563195,0.002850280390837068
tou,LP1,0,20,0.2,24,3.578466316232835,0.0029012651187561764,0.0029010064156720157
tou,LP1,0,20,0.5,24,2.6150131479408874,0.0028142706846857606,0.002813619201141916
tou,LP1,0,20,1,24,2.125451063233262,0.002703878391993017,0.002702785980343009
tou,LP1,0,20,2,24,1.7170496756079732,0.0025673287749251395,0.0025664361621178487
tou,LP1,0,20,0.1,72,12.884647757246608,0.011430591394198346,0.011377684007754551
tou,LP1,0,20,0.2,72,10.540318220310644,0.010746897085102241,0.010720740928677107
tou,LP1,0,20,0.5,72,7.973584158764617,0.009730552690437455,0.009713571699902002
tou,LP1,0,20,1,72,6.5718126775088415,0.008743321070100842,0.00872686878410149
tou,LP1,0,20,2,72,5.593902653074,0.007573882977692168,0.0075594200015417605
tou,LP1,0.2,0,0.1,24,121.68740089316273,14.734375115244156,13.884938204724804
tou,LP1,0.2,0,0.2,24,114.5982886832795,14.880967141773498,13.95077724530692
tou,LP1,0.2,0,0.5,24,96.10355120177616,17.2584876337564,15.833059663121519
tou,LP1,0.2,0,1,24,71.77121371726686,16.92906894446754,15.208546571093354
tou,LP1,0.2,0,2,24,79.2308310101958,70.23119682570172,69.12864110931898
tou,LP1,0.2,0,0.1,72,121.68740089316368,14.73437511524421,13.884938204724836
tou,LP1,0.2,0,0.2,72,114.5982886832796,14.880967141773505,13.950777245307012
tou,LP1,0.2,0,0.5,72,96.10355120177601,17.25848763375641,15.833059663121531
tou,LP1,0.2,0,1,72,71.77121371726689,16.929068944467538,15.208546571093335
tou,LP1,0.2,0,2,72,79.23083101013754,70.23119682563822,69.12864110925572
tou,LP1,0.2,0.1,0.1,24,117.58153373147101,1.3086008718474922,0.6959960164268187
tou,LP1,0.2,0.1,0.2,24,107.5008459608785,1.1843450662232344,0.6459019245209134
tou,LP1,0.2,0.1,0.5,24,82.27901467477908,0.8265895900182214,0.4234085305450233
tou,LP1,0.2,0.1,1,24,58.409596950280054,0.34202034164568174,0.25778189738366314
tou,LP1,0.2,0.1,2,24,33.92420369551288,0.179073896522409,0.17897052271827354
tou,LP1,0.2,0.1,0.1,72,120.97824365801051,1.3116868567920683,0.36159169433231925
tou,LP1,0.2,0.1,0.2,72,113.45292810302585,1.491747482047908,0.36849216899500736
tou,LP1,0.2,0.1,0.5,72,92.81911960212975,1.680583056262536,0.31352896630199506
tou,LP1,0.2,0.1,1,72,68.06016824257681,1.4596826846460282,0.2308869714623266
tou,LP1,0.2,0.1,2,72,38.580024250083866,0.15982922634713265,0.12902042958196647
tou,LP1,0.2,0.25,0.1,24,91.54356828240772,0.2882562593187588,0.2267020384063595
tou,LP1,0.2,0.25,0.2,24,78.52391646223279,0.19652338823709176,0.16613455550364897
tou,LP1,0.2,0.25,0.5,24,58.706193609807315,0.1261812107080697,0.12617919312753048
tou,LP1,0.2,0.25,1,24,42.66128178131983,0.10621878439810245,0.10597392893241234
tou,LP1,0.2,0.25,2,24,27.735064663630055,0.08879647389314332,0.08835911052912203
tou,LP1,0.2,0.25,0.1,72,119.71545775848479,1.2799113544381093,0.2989644475023018
tou,LP1,0.2,0.25,0.2,72,111.5239655721985,1.287316579544916,0.2871080990892424
tou,LP1,0.2,0.25,0.5,72,89.18238778362773,1.1588611947504042,0.2113056644560787
tou,LP1,0.2,0.25,1,72,64.58689665655973,0.7629273296924692,0.13939507533322246
tou,LP1,0.2,0.25,2,72,36.68314375707415,0.0713397929080755,0.06482037481909572
tou,LP1,0.2,0.5,0.1,24,55.26379136773672,0.09552360466583844,0.0955079410300502
tou,LP1,0.2,0.5,0.2,24,47.062147313038395,0.08670563186318919,0.08669550989977833
tou,LP1,0.2,0.5,0.5,24,36.926670995357334,0.07352850148855132,0.0735280372170882
tou,LP1,0.2,0.5,1,24,29.353096805099664,0.06309060542926025,0.06308959665230895
tou,LP1,0.2,0.5,2,24,21.330640890676687,0.05310939220143031,0.052986964468673424
tou,LP1,0.2,0.5,0.1,72,117.57532829239368,1.152553818053342,0.2769917179228669
tou,LP1,0.2,0.5,0.2,72,107.48551823563795,1.002704123666957,0.24486677174071692
tou,LP1,0.2,0.5,0.5,72,82.31667113838638,0.7071309538171416,0.1577445862527209
tou,LP1,0.2,0.5,1,72,58.44606239564754,0.23531040402404063,0.09410896678942786
tou,LP1,0.2,0.5,2,72,33.94168456577211,0.05307199775946712,0.05164439771994917
tou,LP1,0.2,1,0.1,24,34.34099351210593,0.0513465750937985,0.0513287230014986
tou,LP1,0.2,1,0.2,24,27.63480059353316,0.047765721593695895,0.047755253154686934
tou,LP1,0.2,1,0.5,24,22.295191038912773,0.041806627835146555,0.04180308467025731
tou,LP1,0.2,1,1,24,18.46333549818475,0.036764250830278,0.03676401867264497
tou,LP1,0.2,1,2,24,14.67654840254314,0.031545302724993216,0.03154479833653345
tou,LP1,0.2,1,0.1,72,104.30548401492224,0.38067763741683897,0.17959123469535443
tou,LP1,0.2,1,0.2,72,90.21425864691251,0.2684668291998972,0.13959564130775157
tou,LP1,0.2,1,0.5,72,66.69287727582241,0.15413038897065018,0.09376459895185459
tou,LP1,0.2,1,1,72,47.086424002789904,0.06643849468561851,0.06430212162042379
tou,LP1,0.2,1,2,72,29.56072059345399,0.04466104205741287,0.04233837755266355
tou,LP1,0.2,2,0.1,24,21.254510632409477,0.027038783744015846,0.02702785962755349
tou,LP1,0.2,2,0.2,24,17.170496756052966,0.025673287546899654,0.025664361500750903
tou,LP1,0.2,2,0.5,24,13.106370291302447,0.023211197969877414,0.02320690692336845
tou,LP1,0.2,2,1,24,11.147595519780598,0.020903313981334163,0.02090154237783903
tou,LP1,0.2,2,2,24,9.231667749102156,0.01838212542592773,0.018382009347086743
tou,LP1,0.2,2,0.1,72,65.67146598070988,0.0891280770159199,0.0872996224056985
tou,LP1,0.2,2,0.2,72,55.93902652962697,0.07573882918108443,0.07559419949051564
tou,LP1,0.2,2,0.5,72,43.20884136662167,0.05857125373303002,0.058504392094915314
tou,LP1,0.2,2,1,72,33.611709943597305,0.04531808369133784,0.04501813386465873
tou,LP1,0.2,2,2,72,23.543212001887373,0.03321924734985797,0.03215106081766442
tou,LP1,0.2,5,0.1,24,11.15469783904812,0.011378225291419464,0.011376083685837517
tou,LP1,0.2,5,0.2,24,9.103145441485884,0.010966659091654755,0.010962856264687538
tou,LP1,0.2,5,0.5,24,6.868198702425909,0.010269315095108799,0.01026574464419512
tou,LP1,0.2,5,1,24,5.526960118876433,0.009553144386363234,0.009551050671216367
tou,LP1,0.2,5,2,24,4.706214731512129,0.008670563230788015,0.0086695510212055
tou,LP1,0.2,5,0.1,72,34.23003075420788,0.04001245825384928,0.03994320392400985
tou,LP1,0.2,5,0.2,72,27.67327958418457,0.0363358232846556,0.03626955531421485
tou,LP1,0.2,5,0.5,72,22.37561061227746,0.030295531908965674,0.030237680004562482
tou,LP1,0.2,5,1,72,18.534409205231277,0.025161419134762816,0.02511816453698911
tou,LP1,0.2,5,2,72,14.727456596547679,0.0198026199003956,0.019741629474580254
tou,LP1,0.2,20,0.1,24,4.599051866859804,0.0028503804573563195,0.002850280390837068
tou,LP1,0.2,20,0.2,24,3.578466316232835,0.0029012651187561764,0.0029010064156720157
tou,LP1,0.2,20,0.5,24,2.6150131479408874,0.0028142706846857606,0.002813619201141916
tou,LP1,0.2,20,1,24,2.125451063233262,0.002703878391993017,0.002702785980343009
tou,LP1,0.2,20,2,24,1.7170496756079732,0.0025673287749251395,0.0025664361621178487
tou,LP1,0.2,20,0.1,72,12.884647757246608,0.011430591394198346,0.011377684007754551
tou,LP1,0.2,20,0.2,72,10.540318220310644,0.010746897085102241,0.010720740928677107
tou,LP1,0.2,20,0.5,72,7.973584158764617,0.009730552690437455,0.009713571699902002
tou,LP1,0.2,20,1,72,6.5718126775088415,0.008743321070100842,0.00872686878410149
tou,LP1,0.2,20,2,72,5.593902653074,0.007573882977692168,0.0075594200015417605
tou,LP1,0.4,0,0.1,24,92.27025458163088,10.196676800844939,9.613963242699597
tou,LP1,0.4,0,0.2,24,88.40275330327445,10.402473567678957,9.698450461484454
tou,LP1,0.4,0,0.5,24,77.41791772878562,12.139095045451754,11.306072381073262
tou,LP1,0.4,0,1,24,61.67979127576726,13.143709002924293,12.04847022128307
tou,LP1,0.4,0,2,24,51.12972509151343,31.34017791733289,30.372087687552106
tou,LP1,0.4,0,0.1,72,92.2702545816302,10.19667680084495,9.613963242699619
tou,LP1,0.4,0,0.2,72,88.4027533032748,10.402473567678959,9.698450461484493
tou,LP1,0.4,0,0.5,72,77.41791772878544,12.139095045451748,11.30607238107326
tou,LP1,0.4,0,1,72,61.67979127576726,13.143709002924295,12.048470221283072
tou,LP1,0.4,0,2,72,51.1297250915134,31.340177917332884,30.372087687552106
tou,LP1,0.4,0.1,0.1,24,91.07654085073834,0.9993871943263734,0.5672714258315988
tou,LP1,0.4,0.1,0.2,24,85.87777368921216,1.0221151066700038,0.5857551324126219
tou,LP1,0.4,0.1,0.5,24,71.15952112974732,0.9198858974766252,0.4883736504608934
tou,LP1,0.4,0.1,1,24,53.970260918895875,0.7249888620789325,0.35651471582384114
tou,LP1,0.4,0.1,2,24,33.92420369551288,0.179073896522409,0.17897052271827354
tou,LP1,0.4,0.1,0.1,72,92.18782464301245,0.8962958919303355,0.3245644132916304
tou,LP1,0.4,0.1,0.2,72,88.02514466568171,1.109760921638858,0.3219958853317698
tou,LP1,0.4,0.1,0.5,72,75.96567741395694,1.3700922577141916,0.3123769235422133
tou,LP1,0.4,0.1,1,72,59.427757669852035,1.3674184226012318,0.22522748346360785
tou,LP1,0.4,0.1,2,72,38.54946624737989,0.19310766151096284,0.13095122154971608
tou,LP1,0.4,0.25,0.1,24,83.07157420796614,0.45789396032726787,0.2989457177136928
tou,LP1,0.4,0.25,0.2,24,74.78225981876344,0.35942734573535806,0.24741791248926864
tou,LP1,0.4,0.25,0.5,24,57.29811028251023,0.2175330719578532,0.16322065800453486
tou,LP1,0.4,0.25,1,24,42.6274469887368,0.1103184332526688,0.10747604594989055
tou,LP1,0.4,0.25,2,24,27.735064663630055,0.08879647389314332,0.08835911052912203
tou,LP1,0.4,0.25,0.1,72,91.9389916171508,0.9184720435926714,0.24616766239736604
tou,LP1,0.4,0.25,0.2,72,87.35895249177098,0.9895583111340561,0.23675397305725007
tou,LP1,0.4,0.25,0.5,72,74.37051221869103,1.0124863843213512,0.20819199013693288
tou,LP1,0.4,0.25,1,72,57.3926821345106,0.9214310058492642,0.1432472203036961
tou,LP1,0.4,0.25,2,72,36.68314375707415,0.0713397929080755,0.06482037481909572
tou,LP1,0.4,0.5,0.1,24,54.232745507761265,0.11020805662034017,0.10237955983538248
tou,LP1,0.4,0.5,0.2,24,47.06214767752689,0.0867053903701039,0.08669527056578384
tou,LP1,0.4,0.5,0.5,24,36.926670995357334,0.07352850148855132,0.0735280372170882
tou,LP1,0.4,0.5,1,24,29.353096805099664,0.06309060542926025,0.06308959665230895
tou,LP1,0.4,0.5,2,24,21.330640890676687,0.05310939220143031,0.052986964468673424
tou,LP1,0.4,0.5,0.1,72,91.04874250226014,0.8861362921519139,0.21584640808479152
tou,LP1,0.4,0.5,0.2,72,85.84701172349047,0.8715756967635243,0.2056581913419071
tou,LP1,0.4,0.5,0.5,72,71.15007070491725,0.769435045744273,0.15735523791409525
tou,LP1,0.4,0.5,1,72,53.96870933225492,0.5999258095516058,0.10783298294813713
tou,LP1,0.4,0.5,2,72,33.94168456577211,0.05307199775946712,0.05164439771994917
tou,LP1,0.4,1,0.1,24,34.335362401085604,0.051343489126045215,0.05133028320008494
tou,LP1,0.4,1,0.2,24,27.63480059353316,0.047765721593695895,0.047755253154686934
tou,LP1,0.4,1,0.5,24,22.295191038912773,0.041806627835146555,0.04180308467025731
tou,LP1,0.4,1,1,24,18.46333549818475,0.036764250830278,0.03676401867264497
tou,LP1,0.4,1,2,24,14.67654840254314,0.031545302724993216,0.03154479833653345
tou,LP1,0.4,1,0.1,72,87.76211524818547,0.6623835812306964,0.1911152600728724
tou,LP1,0.4,1,0.2,72,80.37675355941954,0.5319213690409349,0.16254459053979214
tou,LP1,0.4,1,0.5,72,62.46255903224708,0.328161522819822,0.1069261331035373
tou,LP1,0.4,1,1,72,46.514356769742896,0.15405092796061073,0.06949366906310486
tou,LP1,0.4,1,2,72,29.56072059345399,0.04466104205741287,0.04233837755266355
tou,LP1,0.4,2,0.1,24,21.254510632409477,0.027038783744015846,0.02702785962755349
tou,LP1,0.4,2,0.2,24,17.170496756052966,0.025673287546899654,0.025664361500750903
tou,LP1,0.4,2,0.5,24,13.106370291302447,0.023211197969877414,0.02320690692336845
tou,LP1,0.4,2,1,24,11.147595519780598,0.020903313981334163,0.02090154237783903
tou,LP1,0.4,2,2,24,9.231667749102156,0.01838212542592773,0.018382009347086743
tou,LP1,0.4,2,0.1,72,63.62745917522112,0.14929926196020246,0.09257026350359052
tou,LP1,0.4,2,0.2,72,55.88309510045548,0.0957184693517532,0.07612006949658413
tou,LP1,0.4,2,0.5,72,43.20884136662167,0.05857125373303002,0.058504392094915314
tou,LP1,0.4,2,1,72,33.611709943597305,0.04531808369133784,0.04501813386465873
tou,LP1,0.4,2,2,72,23.543212001887373,0.03321924734985797,0.03215106081766442
tou,LP1,0.4,5,0.1,24,11.15469783904812,0.011378225291419464,0.011376083685837517
tou,LP1,0.4,5,0.2,24,9.103145441485884,0.010966659091654755,0.010962856264687538
tou,LP1,0.4,5,0.5,24,6.868198702425909,0.010269315095108799,0.01026574464419512
tou,LP1,0.4,5,1,24,5.526960118876433,0.009553144386363234,0.009551050671216367
tou,LP1,0.4,5,2,24,4.706214731512129,0.008670563230788015,0.0086695510212055
tou,LP1,0.4,5,0.1,72,34.225043123247055,0.040077397054880566,0.039940480506194656
tou,LP1,0.4,5,0.2,72,27.67327958418457,0.0363358232846556,0.03626955531421485
tou,LP1,0.4,5,0.5,72,22.37561061227746,0.030295531908965674,0.030237680004562482
tou,LP1,0.4,5,1,72,18.534409205231277,0.025161419134762816,0.02511816453698911
tou,LP1,0.4,5,2,72,14.727456596547679,0.0198026199003956,0.019741629474580254
tou,LP1,0.4,20,0.1,24,4.599051866859804,0.0028503804573563195,0.002850280390837068
tou,LP1,0.4,20,0.2,24,3.578466316232835,0.0029012651187561764,0.0029010064156720157
tou,LP1,0.4,20,0.5,24,2.6150131479408874,0.0028142706846857606,0.002813619201141916
tou,LP1,0.4,20,1,24,2.125451063233262,0.002703878391993017,0.002702785980343009
tou,LP1,0.4,20,2,24,1.7170496756079732,0.0025673287749251395,0.0025664361621178487
tou,LP1,0.4,20,0.1,72,12.884647757246608,0.011430591394198346,0.011377684007754551
tou,LP1,0.4,20,0.2,72,10.540318220310644,0.010746897085102241,0.010720740928677107
tou,LP1,0.4,20,0.5,72,7.973584158764617,0.009730552690437455,0.009713571699902002
tou,LP1,0.4,20,1,72,6.5718126775088415,0.008743321070100842,0.00872686878410149
tou,LP1,0.4,20,2,72,5.593902653074,0.007573882977692168,0.0075594200015417605
tou,LP1,0.6000000000000001,0,0.1,24,61.53914908132082,8.080760688562068,7.774054622662852
tou,LP1,0.6000000000000001,0,0.2,24,60.84380492885066,7.366604406859702,6.942011773696444
tou,LP1,0.6000000000000001,0,0.5,24,55.40973649802972,7.57040509937869,7.051727959003849
tou,LP1,0.6000000000000001,0,1,24,48.051964223737905,8.629722911933218,7.915753877520791
tou,LP1,0.6000000000000001,0,2,24,35.88572948292595,8.464754567321984,7.604466326281187
tou,LP1,0.6000000000000001,0,0.1,72,61.539149081320396,8.080760688562062,7.774054622662848
tou,LP1,0.6000000000000001,0,0.2,72,60.84380492885152,7.366604406859801,6.942011773696563
tou,LP1,0.6000000000000001,0,0.5,72,55.409736498029496,7.570405099378695,7.051727959003861
tou,LP1,0.6000000000000001,0,1,72,48.051964223737784,8.629722911933218,7.915753877520791
tou,LP1,0.6000000000000001,0,2,72,35.88572948292593,8.464754567321984,7.604466326281198
tou,LP1,0.6000000000000001,0.1,0.1,24,61.48690658118264,0.7290181360817082,0.46334299838307513
tou,LP1,0.6000000000000001,0.1,0.2,24,59.86965847439052,0.7580050136286106,0.4587075948072676
tou,LP1,0.6000000000000001,0.1,0.5,24,53.71787915284903,0.8071557458888037,0.4960441347242803
tou,LP1,0.6000000000000001,0.1,1,24,44.6067518143526,0.7210683838526295,0.4065483881468154
tou,LP1,0.6000000000000001,0.1,2,24,32.31880082962903,0.5213355606063435,0.2937058538630884
tou,LP1,0.6000000000000001,0.1,0.1,72,61.497347798764565,0.6017462804441059,0.23811781902378268
tou,LP1,0.6000000000000001,0.1,0.2,72,60.69269703557153,0.6847658583061856,0.24322608197471435
tou,LP1,0.6000000000000001,0.1,0.5,72,55.0640654753688,0.9531695147154102,0.27576769159759223
tou,LP1,0.6000000000000001,0.1,1,72,46.9730950169569,1.0941955139828596,0.25169296357735876
tou,LP1,0.6000000000000001,0.1,2,72,34.61808014710504,1.0858694216702591,0.21182934126571876
tou,LP1,0.6000000000000001,0.25,0.1,24,61.10345734494732,0.6092185379848869,0.3286554554830963
tou,LP1,0.6000000000000001,0.25,0.2,24,58.06548602889118,0.5820462212545542,0.3132045530865695
tou,LP1,0.6000000000000001,0.25,0.5,24,49.5301767470658,0.4390196258105911,0.2410288895645826
tou,LP1,0.6000000000000001,0.25,1,24,39.25856635463041,0.305044550845739,0.16572613510719036
tou,LP1,0.6000000000000001,0.25,2,24,27.66569295016684,0.10255425332244442,0.09299428735375029
tou,LP1,0.6000000000000001,0.25,0.1,72,61.49239017958825,0.6169689560330072,0.17509928732683058
tou,LP1,0.6000000000000001,0.25,0.2,72,60.38421632523274,0.6510339402195907,0.1691053603524723
tou,LP1,0.6000000000000001,0.25,0.5,72,54.59847830454423,0.7644937321227476,0.1724036288990784
tou,LP1,0.6000000000000001,0.25,1,72,46.11383483461308,0.7738500389478628,0.13979523725519882
tou,LP1,0.6000000000000001,0.25,2,72,33.74447310195948,0.6424574928211672,0.10049706517255598
tou,LP1,0.6000000000000001,0.5,0.1,24,49.77653568328206,0.21269861757526767,0.13435545467315688
tou,LP1,0.6000000000000001,0.5,0.2,24,45.771955691408074,0.1441088667638061,0.11336337583872204
tou,LP1,0.6000000000000001,0.5,0.5,24,36.864952313962156,0.08104279734009623,0.0761230479357404
tou,LP1,0.6000000000000001,0.5,1,24,29.353096805099664,0.06309060542926025,0.06308959665230895
tou,LP1,0.6000000000000001,0.5,2,24,21.330640890676687,0.05310939220143031,0.052986964468673424
tou,LP1,0.6000000000000001,0.5,0.1,72,61.477763238132475,0.6248653100024256,0.15691191992497167
tou,LP1,0.6000000000000001,0.5,0.2,72,59.85770358521733,0.6400562740466106,0.14948707989742654
tou,LP1,0.6000000000000001,0.5,0.5,72,53.6884310674913,0.6389725699857125,0.14005346553032383
tou,LP1,0.6000000000000001,0.5,1,72,44.59119392864358,0.5794304144770492,0.10565278191788924
tou,LP1,0.6000000000000001,0.5,2,72,32.29345188198993,0.38146325810705717,0.06969742089389601
tou,LP1,0.6000000000000001,1,0.1,24,32.95132389746183,0.053522085907022295,0.05320661714938505
tou,LP1,0.6000000000000001,1,0.2,24,27.63189643716892,0.04776171503018822,0.04775388269048701
tou,LP1,0.6000000000000001,1,0.5,24,22.295191038912773,0.041806627835146555,0.04180308467025731
tou,LP1,0.6000000000000001,1,1,24,18.46333549818475,0.036764250830278,0.03676401867264497
tou,LP1,0.6000000000000001,1,2,24,14.67654840254314,0.031545302724993216,0.03154479833653345
tou,LP1,0.6000000000000001,1,0.1,72,61.36603794510911,0.5871346871412739,0.14661510552732668
tou,LP1,0.6000000000000001,1,0.2,72,58.787801936264785,0.5761532167803372,0.1385018046274941
tou,LP1,0.6000000000000001,1,0.5,72,51.284265313883324,0.4718440591573511,0.11304289540294657
tou,LP1,0.6000000000000001,1,1,72,41.158319594182444,0.35362949166671015,0.07885984292227877
tou,LP1,0.6000000000000001,1,2,72,29.22303159468211,0.11765495734823718,0.04705437016027613
tou,LP1,0.6000000000000001,2,0.1,24,21.23608068001443,0.027085953449193116,0.027076921313584756
tou,LP1,0.6000000000000001,2,0.2,24,17.170496756052966,0.025673287546899654,0.025664361500750903
tou,LP1,0.6000000000000001,2,0.5,24,13.106370291302447,0.023211197969877414,0.02320690692336845
tou,LP1,0.6000000000000001,2,1,24,11.147595519780598,0.020903313981334163,0.02090154237783903
tou,LP1,0.6000000000000001,2,2,24,9.231667749102156,0.01838212542592773,0.018382009347086743
tou,LP1,0.6000000000000001,2,0.1,72,56.13949035673654,0.259028279777619,0.10000203872980065
tou,LP1,0.6000000000000001,2,0.2,72,52.1534044238188,0.19025785072808638,0.08978875070003292
tou,LP1,0.6000000000000001,2,0.5,72,42.29341325168002,0.11999741825468632,0.06492131544598503
tou,LP1,0.6000000000000001,2,1,72,33.34643922445215,0.07706511213897212,0.046882250160631765
tou,LP1,0.6000000000000001,2,2,72,23.543212001887373,0.03321924734985797,0.03215106081766442
tou,LP1,0.6000000000000001,5,0.1,24,11.15469783904812,0.011378225291419464,0.011376083685837517
tou,LP1,0.6000000000000001,5,0.2,24,9.103145441485884,0.010966659091654755,0.010962856264687538
tou,LP1,0.6000000000000001,5,0.5,24,6.868198702425909,0.010269315095108799,0.01026574464419512
tou,LP1,0.6000000000000001,5,1,24,5.526960118876433,0.009553144386363234,0.009551050671216367
tou,LP1,0.6000000000000001,5,2,24,4.706214731512129,0.008670563230788015,0.0086695510212055
tou,LP1,0.6000000000000001,5,0.1,72,32.907773947136015,0.04297159963597605,0.040092928941655
tou,LP1,0.6000000000000001,5,0.2,72,27.67054173051224,0.03639920130582172,0.036268959815514146
tou,LP1,0.6000000000000001,5,0.5,72,22.37561061227746,0.030295531908965674,0.030237680004562482
tou,LP1,0.6000000000000001,5,1,72,18.534409205231277,0.025161419134762816,0.02511816453698911
tou,LP1,0.6000000000000001,5,2,72,14.727456596547679,0.0198026199003956,0.019741629474580254
tou,LP1,0.6000000000000001,20,0.1,24,4.599051866859804,0.0028503804573563195,0.002850280390837068
tou,LP1,0.6000000000000001,20,0.2,24,3.578466316232835,0.0029012651187561764,0.0029010064156720157
tou,LP1,0.6000000000000001,20,0.5,24,2.6150131479408874,0.0028142706846857606,0.002813619201141916
tou,LP1,0.6000000000000001,20,1,24,2.125451063233262,0.002703878391993017,0.002702785980343009
tou,LP1,0.6000000000000001,20,2,24,1.7170496756079732,0.0025673287749251395,0.0025664361621178487
tou,LP1,0.6000000000000001,20,0.1,72,12.884647757246608,0.011430591394198346,0.011377684007754551
tou,LP1,0.6000000000000001,20,0.2,72,10.540318220310644,0.010746897085102241,0.010720740928677107
tou,LP1,0.6000000000000001,20,0.5,72,7.973584158764617,0.009730552690437455,0.009713571699902002
tou,LP1,0.6000000000000001,20,1,72,6.5718126775088415,0.008743321070100842,0.00872686878410149
tou,LP1,0.6000000000000001,20,2,72,5.593902653074,0.007573882977692168,0.0075594200015417605
tou,LP1,0.8,0,0.1,24,30.84460310325923,6.030634449076749,5.930923487494014
tou,LP1,0.8,0,0.2,24,30.769602476498143,4.040664453312406,3.885349634474134
tou,LP1,0.8,0,0.5,24,29.886349389255553,3.678617139109282,3.4379834154173583
tou,LP1,0.8,0,1,24,27.703531272362444,3.788975721495446,3.5298285985234936
tou,LP1,0.8,0,2,24,24.02598386619785,4.314864101665691,3.9578699950258383
tou,LP1,0.8,0,0.1,72,30.844603103259047,6.03063444907674,5.9309234874940175
tou,LP1,0.8,0,0.2,72,30.76960247649863,4.040664453312436,3.885349634474163
tou,LP1,0.8,0,0.5,72,29.88634938925597,3.6786171391092846,3.4379834154173077
tou,LP1,0.8,0,1,72,27.70353127236266,3.7889757214954476,3.529828598523489
tou,LP1,0.8,0,2,72,24.025983866197823,4.314864101665688,3.9578699950258356
tou,LP1,0.8,0.1,0.1,24,30.751170551360474,0.39577894004456676,0.2848097814371498
tou,LP1,0.8,0.1,0.2,24,30.747861589276937,0.420205911954507,0.32686627492523607
tou,LP1,0.8,0.1,0.5,24,29.65135520130196,0.481595178819232,0.3611444975638129
tou,LP1,0.8,0.1,1,24,27.315306112370394,0.5450843443043584,0.40677562498036934
tou,LP1,0.8,0.1,2,24,23.08006179757851,0.5432539202182539,0.3735569020703797
tou,LP1,0.8,0.1,0.1,72,30.75052878120104,0.3118242345656334,0.15172753959980978
tou,LP1,0.8,0.1,0.2,72,30.750493508918147,0.3114206853311923,0.17393274719054733
tou,LP1,0.8,0.1,0.5,72,29.82802833744825,0.4443685819764365,0.19686868276778835
tou,LP1,0.8,0.1,1,72,27.60712841254303,0.5968627754997413,0.23090125123898955
tou,LP1,0.8,0.1,2,72,23.629038367365425,0.721932065067204,0.22673402657359892
tou,LP1,0.8,0.25,0.1,24,30.76821770469979,0.34146403860334607,0.1936503284729947
tou,LP1,0.8,0.25,0.2,24,30.739713111873822,0.355031130275539,0.21330848560227778
tou,LP1,0.8,0.25,0.5,24,29.30280069778618,0.3715089780647133,0.21740520156152068
tou,LP1,0.8,0.25,1,24,26.592206529309628,0.36497648248298764,0.2119723372407463
tou,LP1,0.8,0.25,2,24,21.89087470636337,0.3128222288179464,0.16708553150481786
tou,LP1,0.8,0.25,0.1,72,30.74978840943625,0.3107002042155333,0.10008869050970459
tou,LP1,0.8,0.25,0.2,72,30.7484564594167,0.3015327553483527,0.10835393229640192
tou,LP1,0.8,0.25,0.5,72,29.759881937591103,0.37183508413996275,0.11166810080790697
tou,LP1,0.8,0.25,1,72,27.494656839765426,0.4508801570414177,0.12035041192597064
tou,LP1,0.8,0.25,2,72,23.417555269840935,0.4993559967947114,0.10669432600919701
tou,LP1,0.8,0.5,0.1,24,30.73974557697437,0.3187252131046509,0.1623263500948714
tou,LP1,0.8,0.5,0.2,24,30.548924084271462,0.3047097533467667,0.16433707085733953
tou,LP1,0.8,0.5,0.5,24,28.35943697837294,0.2772791033494391,0.1520778218817755
tou,LP1,0.8,0.5,1,24,24.765474925668865,0.21937321115343042,0.12050495333358671
tou,LP1,0.8,0.5,2,24,19.629280263057602,0.15252294003806455,0.08286324789270068
tou,LP1,0.8,0.5,0.1,72,30.751183736191688,0.3121905305545175,0.08314045139216224
tou,LP1,0.8,0.5,0.2,72,30.74666122361444,0.30845744349442483,0.087557372564144
tou,LP1,0.8,0.5,0.5,72,29.64620573342093,0.34387994532644944,0.08609569401926823
tou,LP1,0.8,0.5,1,72,27.29923887609969,0.382246949174756,0.08620181120668499
tou,LP1,0.8,0.5,2,72,23.056917752431215,0.38692458387581036,0.06989757598222571
tou,LP1,0.8,1,0.1,24,26.15628714671265,0.12359878440242665,0.06908700001064726
tou,LP1,0.8,1,0.2,24,24.889102734035543,0.10630398791421558,0.0671662961465352
tou,LP1,0.8,1,0.5,24,21.97719420991868,0.06269355201967695,0.05137839028473736
tou,LP1,0.8,1,1,24,18.432476260133814,0.04052138219055325,0.03806151870017562
tou,LP1,0.8,1,2,24,14.67654840254314,0.031545302724993216,0.03154479833653345
tou,LP1,0.8,1,0.1,72,30.7532094223262,0.3077730509851909,0.07535220878386567
tou,LP1,0.8,1,0.2,72,30.739338205302996,0.31242109072218854,0.07846554502546353
tou,LP1,0.8,1,0.5,72,29.421789383460904,0.32534575162165896,0.07559558688851693
tou,LP1,0.8,1,1,72,26.844215589004403,0.3194862964421542,0.07002672981073119
tou,LP1,0.8,1,2,72,22.295913052223085,0.28952247738250375,0.05276710111271363
tou,LP1,0.8,2,0.1,24,18.82081867979652,0.04397825261058545,0.0314162410602739
tou,LP1,0.8,2,0.2,24,16.475661948730917,0.026761042953511248,0.026603308574693316
tou,LP1,0.8,2,0.5,24,13.106321773536768,0.023210226051451614,0.023205912524721085
tou,LP1,0.8,2,1,24,11.147595519780598,0.020903313981334163,0.02090154237783903
tou,LP1,0.8,2,2,24,9.231667749102156,0.01838212542592773,0.018382009347086743
tou,LP1,0.8,2,0.1,72,30.79826995952804,0.2955203376503175,0.07077037204968592
tou,LP1,0.8,2,0.2,72,30.68888224956515,0.293481351085576,0.07330042994569531
tou,LP1,0.8,2,0.5,72,28.808091837821802,0.27463782454103824,0.06682956810299356
tou,LP1,0.8,2,1,72,25.64213252131922,0.23592202991480693,0.05652145069732325
tou,LP1,0.8,2,2,72,20.579158117833614,0.17681506369529532,0.03942987538776494
tou,LP1,0.8,5,0.1,24,10.989483877587338,0.011680230344683906,0.011679057686480468
tou,LP1,0.8,5,0.2,24,9.102680297848071,0.010963684063171098,0.010959987082950774
tou,LP1,0.8,5,0.5,24,6.868198702425909,0.010269315095108799,0.01026574464419512
tou,LP1,0.8,5,1,24,5.526960118876433,0.009553144386363234,0.009551050671216367
tou,LP1,0.8,5,2,24,4.706214731512129,0.008670563230788015,0.0086695510212055
tou,LP1,0.8,5,0.1,72,26.22888428878769,0.12085616830110908,0.04307041364102549
tou,LP1,0.8,5,0.2,72,24.96139830748704,0.09613351936352776,0.04167887505504672
tou,LP1,0.8,5,0.5,72,22.047485656405904,0.05257438491096601,0.03217610099040779
tou,LP1,0.8,5,1,72,18.499656466382447,0.03288160894547954,0.025620975844285996
tou,LP1,0.8,5,2,72,14.727456596547679,0.0198026199003956,0.019741629474580254
tou,LP1,0.8,20,0.1,24,4.599051866859804,0.0028503804573563195,0.002850280390837068
tou,LP1,0.8,20,0.2,24,3.578466316232835,0.0029012651187561764,0.0029010064156720157
tou,LP1,0.8,20,0.5,24,2.6150131479408874,0.0028142706846857606,0.002813619201141916
tou,LP1,0.8,20,1,24,2.125451063233262,0.002703878391993017,0.002702785980343009
tou,LP1,0.8,20,2,24,1.7170496756079732,0.0025673287749251395,0.0025664361621178487
tou,LP1,0.8,20,0.1,72,12.528302378539452,0.01165660003669025,0.011409648458055342
tou,LP1,0.8,20,0.2,72,10.535100338762318,0.010768571061229998,0.010719220667000885
tou,LP1,0.8,20,0.5,72,7.973584158764617,0.009730552690437455,0.009713571699902002
tou,LP1,0.8,20,1,72,6.5718126775088415,0.008743321070100842,0.00872686878410149
tou,LP1,0.8,20,2,72,5.593902653074,0.007573882977692168,0.0075594200015417605
tou,LP1,1,0,0.1,24,3.1038750172306543e-9,7.94939963677724e-13,7.909249105475727e-13
tou,LP1,1,0,0.2,24,5.568500523006031e-8,1.8777876260518492e-11,1.8722111633710836e-11
tou,LP1,1,0,0.5,24,2.2274001503580574e-8,7.511109948115173e-12,7.48945299486769e-12
tou,LP1,1,0,1,24,1.118339757145911e-8,4.6819169545863725e-12,4.628747917681036e-12
tou,LP1,1,0,2,24,5.618478613292306e-9,2.3606484600678167e-12,2.335463126796868e-12
tou,LP1,1,0,0.1,72,3.1038750235675435e-9,7.94939963677724e-13,7.909249105475727e-13
tou,LP1,1,0,0.2,72,5.568500716471265e-8,1.8778160153164058e-11,1.8722111633710836e-11
tou,LP1,1,0,0.5,72,2.2274001965539813e-8,7.51106939202295e-12,7.48945299486769e-12
tou,LP1,1,0,1,72,1.118339770896961e-8,4.6819169545863725e-12,4.628747917681036e-12
tou,LP1,1,0,2,72,5.618478613292306e-9,2.3606484600678167e-12,2.335463126796868e-12
tou,LP1,1,0.1,0.1,24,2.545058118504978e-6,2.55254840987982e-7,2.0220541774712883e-7
tou,LP1,1,0.1,0.2,24,1.7203474400361088e-6,1.8885023643316318e-7,1.4809776897471976e-7
tou,LP1,1,0.1,0.5,24,7.671820351896319e-7,2.2041512420420443e-7,7.715264409082371e-8
tou,LP1,1,0.1,1,24,3.5476111219056075e-7,2.1113687301808112e-7,2.515215510246626e-8
tou,LP1,1,0.1,2,24,2.0354567158984112e-7,1.4830307709428638e-7,4.127638821301682e-8
tou,LP1,1,0.1,0.1,72,3.32104382014849e-8,3.307564134300495e-8,3.307373508500216e-8
tou,LP1,1,0.1,0.2,72,1.1707560853475985e-6,4.27909089673862e-7,1.3627429689001855e-7
tou,LP1,1,0.1,0.5,72,5.727723851709058e-7,4.362948675906748e-7,1.5761671951373267e-7
tou,LP1,1,0.1,1,72,2.8462976383278922e-6,2.429239107060521e-6,2.3896554031557984e-6
tou,LP1,1,0.1,2,72,5.355221253443661e-9,2.8232718040641332e-12,2.781012355966986e-12
tou,LP1,1,0.25,0.1,24,2.2895236375778738e-6,1.9776001617617774e-7,1.8645518882290037e-7
tou,LP1,1,0.25,0.2,24,1.393183112319792e-6,9.189558317751504e-8,7.13347306338918e-8
tou,LP1,1,0.25,0.5,24,6.888057361609676e-7,7.559763489990363e-8,5.921670455865666e-8
tou,LP1,1,0.25,1,24,3.82832246775302e-7,8.723112383616293e-8,4.4239527231796226e-8
tou,LP1,1,0.25,2,24,1.869880703085401e-7,9.6933351776549e-8,1.1208158906311239e-8
tou,LP1,1,0.25,0.1,72,3.9377144324906164e-8,3.928138386864447e-8,3.9273362603612275e-8
tou,LP1,1,0.25,0.2,72,1.06307830488149e-4,1.0539516617936835e-4,1.0390280000133582e-4
tou,LP1,1,0.25,0.5,72,4.666862262057619e-7,1.6841353217125067e-7,5.251749740312835e-8
tou,LP1,1,0.25,1,72,2.044048450680181e-7,8.243352079073268e-8,1.8570459061931894e-08
tou,LP1,1,0.25,2,72,4.507613991665214e-7,1.881421828681194e-7,1.226479529200504e-7
tou,LP1,1,0.5,0.1,24,1.7204474083922539e-6,1.1633273753745177e-7,1.1324896081286062e-7
tou,LP1,1,0.5,0.2,24,1.3430430049477604e-6,8.553612612725573e-8,8.287629951157471e-8
tou,LP1,1,0.5,0.5,24,5.751923620784429e-7,4.4052329435212144e-8,3.693351722882626e-8
tou,LP1,1,0.5,1,24,3.4958428499970366e-7,3.9142071745163465e-8,3.058271123915529e-8
tou,LP1,1,0.5,2,24,1.9261688756292483e-7,4.391443170544744e-8,2.2460379289565405e-8
tou,LP1,1,0.5,0.1,72,1.2019655453824307e-4,1.1881124087065574e-4,1.184452344542077e-4
tou,LP1,1,0.5,0.2,72,1.3838231949341397e-4,1.365990736290978e-4,1.3525670264042416e-4
tou,LP1,1,0.5,0.5,72,2.7998847475101545e-5,2.758994462972615e-5,2.707280715638524e-5
tou,LP1,1,0.5,1,72,2.3453666908704584e-7,8.54822951743692e-8,2.7250764445594316e-8
tou,LP1,1,0.5,2,72,1.2266589963880636e-7,6.735842467258285e-8,2.8293970555624337e-8
tou,LP1,1,1,0.1,24,2.2643703034882614e-6,8.603833663787649e-8,8.595394735895293e-8
tou,LP1,1,1,0.2,24,7.95908460879871e-7,2.323890628383236e-8,2.1492273653320373e-8
tou,LP1,1,1,0.5,24,5.208291764475543e-7,2.6162550968882435e-8,2.303296800370479e-8
tou,LP1,1,1,1,24,2.9651367312866217e-7,2.224328285234041e-8,1.783271073172281e-8
tou,LP1,1,1,2,24,1.7836721702692172e-7,2.0256645310906008e-8,1.5526133965504953e-8
tou,LP1,1,1,0.1,72,4.704369843595345e-7,1.8401166698952414e-8,1.1415788943269828e-8
tou,LP1,1,1,0.2,72,8.04124962757636e-5,7.898674127448023e-5,7.776260490136998e-5
tou,LP1,1,1,0.5,72,5.499610533797643e-5,5.470365952666508e-5,5.46417328514922e-5
tou,LP1,1,1,1,72,1.2794917472986615e-5,1.2687503584078104e-5,1.238170928156516e-5
tou,LP1,1,1,2,72,1.2192372697605818e-7,4.776027013753582e-8,1.743382732951386e-8
tou,LP1,1,2,0.1,24,3.904106708449663e-5,3.885533537490972e-5,3.885263178332269e-5
tou,LP1,1,2,0.2,24,1.132185151772805e-6,4.301916862310893e-8,4.2976973983647155e-8
tou,LP1,1,2,0.5,24,3.2579139967318415e-7,1.3091588574244979e-8,1.2458092680247871e-8
tou,LP1,1,2,1,24,2.67595371953174e-7,1.3471032143656137e-8,1.2313354029959049e-8
tou,LP1,1,2,2,24,1.480644493915795e-7,1.1113854230624275e-8,8.912732064304088e-9
tou,LP1,1,2,0.1,72,7.802951626704212e-5,7.704439756014004e-5,7.699591934695604e-5
tou,LP1,1,2,0.2,72,1.275075532507701e-5,1.2626130675496407e-5,1.2462944010990377e-5
tou,LP1,1,2,0.5,72,4.156898365423963e-5,4.0935439453583556e-5,4.0261172785878534e-5
tou,LP1,1,2,1,72,2.7331809389395736e-5,2.7165735402548826e-5,2.712267650675946e-5
tou,LP1,1,2,2,72,5.0443663601258635e-6,4.9787940620804e-6,4.87946645682243e-6
tou,LP1,1,5,0.1,24,6.672504386307037e-5,6.670510427437603e-5,6.670510427534937e-5
tou,LP1,1,5,0.2,24,2.5063081976050013e-5,2.502073510956698e-5,2.5020735111108112e-5
tou,LP1,1,5,0.5,24,5.049375972984221e-7,2.9624414945492516e-9,2.664529013462173e-9
tou,LP1,1,5,1,24,1.741562245288561e-7,4.9328646697565034e-9,4.455161232320354e-9
tou,LP1,1,5,2,24,1.307631178404302e-7,7.519541640800675e-9,7.277471370325677e-9
tou,LP1,1,5,0.1,72,6.509509075509602e-5,6.407708377227757e-5,6.388584877029854e-5
tou,LP1,1,5,0.2,72,5.948096409286257e-5,5.87105780194589e-5,5.8192651837192324e-5
tou,LP1,1,5,0.5,72,4.607716119962749e-6,4.5561616339901135e-6,4.50247187008191e-6
tou,LP1,1,5,1,72,1.411710766462963e-5,1.3982902089416007e-5,1.383958408440288e-5
tou,LP1,1,5,2,72,1.4330893187396629e-5,1.4095623091993644e-5,1.3953488320785719e-5
tou,LP1,1,20,0.1,24,2.6517893681210466e-5,2.642371827693633e-5,2.6423718278315238e-5
tou,LP1,1,20,0.2,24,2.3898134968900592e-5,2.3828722577862046e-5,2.3828039672440334e-5
tou,LP1,1,20,0.5,24,1.3854665118098957e-5,1.3851881614784003e-5,1.3851881616649584e-5
tou,LP1,1,20,1,24,2.5651790045188785e-6,2.527497066718594e-6,2.5271169348311855e-6
tou,LP1,1,20,2,24,1.2720937618762748e-7,6.904381480546662e-10,6.152205482753349e-10
tou,LP1,1,20,0.1,72,5.320248997555256e-6,5.269149455588731e-6,5.198747640637646e-6
tou,LP1,1,20,0.2,72,1.532471812756474e-6,1.514550282814013e-6,1.49991013099359e-6
tou,LP1,1,20,0.5,72,1.7247245317511906e-5,1.7038026242590713e-5,1.6983897720449315e-5
tou,LP1,1,20,1,72,5.144721179639904e-6,5.082484266914735e-6,5.0037322108765315e-6
tou,LP1,1,20,2,72,1.5038506855708033e-6,1.490468583946615e-6,1.4774995070535353e-6
dynamic,LP1,0,0,0.1,24,158.6480077813194,84.7415412698282,53.118385058579356
dynamic,LP1,0,0,0.2,24,148.91026764978292,84.2266815377619,59.4208971174456
dynamic,LP1,0,0,0.5,24,140.3898847825111,104.4248818680143,82.96279550643787
dynamic,LP1,0,0,1,24,141.38267339980442,126.99020297319962,103.86793700013514
dynamic,LP1,0,0,2,24,140.0910921275715,135.39998767955407,114.02557723988578
dynamic,LP1,0,0,0.1,72,158.64800778131922,84.74154126982808,53.1183850585793
dynamic,LP1,0,0,0.2,72,148.910267649783,84.22668153776192,59.4208971174456
dynamic,LP1,0,0,0.5,72,140.38988478251073,104.424881868014,82.96279550643763
dynamic,LP1,0,0,1,72,141.38267339980467,126.9902029731998,103.86793700013526
dynamic,LP1,0,0,2,72,140.09109212761243,135.39998767959287,114.0255772399202
dynamic,LP1,0,0.1,0.1,24,136.91304928748573,6.537714420979427,1.648821121252644
dynamic,LP1,0,0.1,0.2,24,121.06911803815414,6.54619170329833,1.648208219149656
dynamic,LP1,0,0.1,0.5,24,88.18133638309428,6.694167222663966,1.6014897618377821
dynamic,LP1,0,0.1,1,24,59.4805268937403,6.8702670375465384,1.5726557549392979
dynamic,LP1,0,0.1,2,24,34.875633629045076,6.19197167997125,1.543067527671496
dynamic,LP1,0,0.1,0.1,72,147.74479436371814,15.754729057126804,2.389237272340721
dynamic,LP1,0,0.1,0.2,72,135.5670134401927,14.447691404118135,2.198502782141528
dynamic,LP1,0,0.1,0.5,72,105.49277051582953,14.322781115206269,2.246652550500736
dynamic,LP1,0,0.1,1,72,73.10002895630856,16.26672547056327,2.346062438973114
dynamic,LP1,0,0.1,2,72,43.23919712442734,16.741319475091704,2.379313782335421
dynamic,LP1,0,0.25,0.1,24,93.21180139599866,4.22321201182762,0.7917823701435781
dynamic,LP1,0,0.25,0.2,24,80.03036117447076,4.037976539712661,0.8069427993197908
dynamic,LP1,0,0.25,0.5,24,59.576826106583844,3.6115079764408122,0.7392977317795878
dynamic,LP1,0,0.25,1,24,43.08840840562879,3.259978143737679,0.6815117502421071
dynamic,LP1,0,0.25,2,24,28.07538418064224,2.9298079287804355,0.6467773911756501
dynamic,LP1,0,0.25,0.1,72,144.76134194402752,8.619985210399886,1.2880684212794096
dynamic,LP1,0,0.25,0.2,72,131.22524470896326,8.274217844012812,1.2680824545177043
dynamic,LP1,0,0.25,0.5,72,99.03653580763107,8.691359498237953,1.3337437039119848
dynamic,LP1,0,0.25,1,72,67.31084049449704,9.620833960490973,1.363220708597917
dynamic,LP1,0,0.25,2,72,38.50138376147588,9.070266095435747,1.2573227262380868
dynamic,LP1,0,0.5,0.1,24,61.082281473206216,2.7237338878687813,0.4941157455387179
dynamic,LP1,0,0.5,0.2,24,49.4375205318389,2.4016014841537676,0.45701019279734173
dynamic,LP1,0,0.5,0.5,24,38.00346037355021,2.03521398478847,0.40704394725584536
dynamic,LP1,0,0.5,1,24,29.833773651918428,1.8110314257626587,0.37016922458547746
dynamic,LP1,0,0.5,2,24,21.544204202837058,1.62998907187066,0.34075587513191613
dynamic,LP1,0,0.5,0.1,72,136.9004942048906,5.994406176964753,0.9205137515018333
dynamic,LP1,0,0.5,0.2,72,121.13758097086368,6.042061872164622,0.9093586385326647
dynamic,LP1,0,0.5,0.5,72,88.25218773003299,6.119666223962998,0.9474475320263709
dynamic,LP1,0,0.5,1,72,59.50287983798187,6.150479924954774,0.8849118529542164
dynamic,LP1,0,0.5,2,72,34.771462227742944,5.434476048287431,0.7593016198993596
dynamic,LP1,0,1,0.1,24,39.28259641823586,1.601340943229553,0.2791817482708275
dynamic,LP1,0,1,0.2,24,31.215019582583245,1.380103909462371,0.25291919362660514
dynamic,LP1,0,1,0.5,24,23.242367905619794,1.15285743089111,0.22215459264578008
dynamic,LP1,0,1,1,24,19.002687716703623,1.0174552520089655,0.20352160803190483
dynamic,LP1,0,1,2,24,14.916886825962052,0.9055157128929621,0.185084612336522
dynamic,LP1,0,1,0.1,72,106.60621662225272,4.573745138199729,0.7010034704580929
dynamic,LP1,0,1,0.2,72,92.3180291239577,4.40291628772672,0.714306578827436
dynamic,LP1,0,1,0.5,72,67.65753979774202,4.036203713496903,0.6318540780001705
dynamic,LP1,0,1,1,72,47.51239907316396,3.6195015004360926,0.5380892084171365
dynamic,LP1,0,1,2,72,29.94783641168235,3.159326132895671,0.4537572170756366
dynamic,LP1,0,2,0.1,24,24.681413613422123,0.9393997601071948,0.15751642199262306
dynamic,LP1,0,2,0.2,24,19.825229098753585,0.8020143655391894,0.1393823675339695
dynamic,LP1,0,2,0.5,24,14.467851864369791,0.6582461426588766,0.12222512952725165
dynamic,LP1,0,2,1,24,11.621183953031373,0.5764287154453207,0.11107729627633905
dynamic,LP1,0,2,2,24,9.501343858358007,0.5087276260239042,0.10176080407091571
dynamic,LP1,0,2,0.1,72,70.16873916260754,3.132988337663764,0.5105023894830862
dynamic,LP1,0,2,0.2,72,58.01587698892745,2.7847111959767634,0.46359177456121886
dynamic,LP1,0,2,0.5,72,44.393310127949185,2.328063250848556,0.374906254870025
dynamic,LP1,0,2,1,72,34.03503715277963,2.0510409782892958,0.3189247873652494
dynamic,LP1,0,2,2,72,23.76076351052494,1.811089753147781,0.26901834014689135
dynamic,LP1,0,5,0.1,24,13.38659362182614,0.47320863732606466,0.07488145731897435
dynamic,LP1,0,5,0.2,24,10.636468310597193,0.39711930129269235,0.06551893877240483
dynamic,LP1,0,5,0.5,24,7.933491858329732,0.32080640615587663,0.055728189792541384
dynamic,LP1,0,5,1,24,6.253402484183748,0.2759568991495103,0.05051738914118208
dynamic,LP1,0,5,2,24,4.965256879653468,0.24029078204691082,0.04572728386619474
dynamic,LP1,0,5,0.1,72,39.27049991547844,1.6147676579124612,0.2640443715352867
dynamic,LP1,0,5,0.2,72,31.270099299601956,1.371593770566749,0.22619815903749535
dynamic,LP1,0,5,0.5,72,23.3303106222753,1.1184185004314755,0.18510606523811568
dynamic,LP1,0,5,1,72,19.070043367249887,0.9708465501414064,0.15765213299084652
dynamic,LP1,0,5,2,72,14.962321581732821,0.8544300928154887,0.1348069349830898
dynamic,LP1,0,20,0.1,24,5.864745398863803,0.18102424366283082,0.024809110308715437
dynamic,LP1,0,20,0.2,24,4.375793464356317,0.1439037608221824,0.02168499881273904
dynamic,LP1,0,20,0.5,24,3.099831770278679,0.11160848001434674,0.017849793981171366
dynamic,LP1,0,20,1,24,2.4788880122687136,0.09400822840935708,0.015713558950728727
dynamic,LP1,0,20,2,24,1.983372964584231,0.0802016015622324,0.01393204745472936
dynamic,LP1,0,20,0.1,72,15.401739110402117,0.5824872144021472,0.09531301560549257
dynamic,LP1,0,20,0.2,72,12.358896827834243,0.4825189138846806,0.07970777436257219
dynamic,LP1,0,20,0.5,72,9.203332344115877,0.383340729514962,0.06298268100040043
dynamic,LP1,0,20,1,72,7.252068253030462,0.3251929457389323,0.05382822440756
dynamic,LP1,0,20,2,72,5.832577655572433,0.27960462513026846,0.04627651631534879
dynamic,LP1,0.2,0,0.1,24,130.02347758377562,72.79579512009275,45.25220708301183
dynamic,LP1,0.2,0,0.2,24,122.08877750762188,68.06244475874398,46.72882434147122
dynamic,LP1,0.2,0,0.5,24,114.90164259806907,80.99021536657936,63.40440132384078
dynamic,LP1,0.2,0,1,24,114.62287814645694,98.83844088478304,81.83887896130165
dynamic,LP1,0.2,0,2,24,115.23860081462107,109.87510776553648,92.22960773673105
dynamic,LP1,0.2,0,0.1,72,130.02347758377536,72.79579512009265,45.252207083011754
dynamic,LP1,0.2,0,0.2,72,122.08877750762149,68.06244475874368,46.728824341471
dynamic,LP1,0.2,0,0.5,72,114.90164259806868,80.99021536657908,63.40440132384055
dynamic,LP1,0.2,0,1,72,114.62287814645714,98.83844088478318,81.83887896130177
dynamic,LP1,0.2,0,2,72,115.23860081461014,109.87510776552581,92.22960773672149
dynamic,LP1,0.2,0.1,0.1,24,115.23198652654538,5.939986381708603,1.5554036300210208
dynamic,LP1,0.2,0.1,0.2,24,105.1928786052549,5.785824733342697,1.5767504837029735
dynamic,LP1,0.2,0.1,0.5,24,81.42947301395779,6.014907088407498,1.560161625270086
dynamic,LP1,0.2,0.1,1,24,57.84875198263649,6.332238954290828,1.5520645693968937
dynamic,LP1,0.2,0.1,2,24,34.84564978931666,6.170827015344599,1.541821558182537
dynamic,LP1,0.2,0.1,0.1,72,120.57822811968548,15.182049944945271,2.3546936464085206
dynamic,LP1,0.2,0.1,0.2,72,112.5502256724522,13.588806697046609,2.100611728745415
dynamic,LP1,0.2,0.1,0.5,72,92.42623661321623,12.961912660672576,2.041459780348362
dynamic,LP1,0.2,0.1,1,72,67.99840278394828,13.863910488024004,2.091901597544524
dynamic,LP1,0.2,0.1,2,72,42.38111835198196,15.737071929511929,2.2298792762932216
dynamic,LP1,0.2,0.25,0.1,24,87.92983217681113,3.839611448649877,0.7430954724318682
dynamic,LP1,0.2,0.25,0.2,24,77.74571022211715,3.708523108994523,0.7443152619123987
dynamic,LP1,0.2,0.25,0.5,24,59.06016376476094,3.519657950280882,0.7343148731648574
dynamic,LP1,0.2,0.25,1,24,43.04095711862707,3.243913796200024,0.6786997248287436
dynamic,LP1,0.2,0.25,2,24,28.07538418064224,2.9298079287804355,0.6467773911756501
dynamic,LP1,0.2,0.25,0.1,72,118.82922652060633,8.121649489777761,1.2302373932760122
dynamic,LP1,0.2,0.25,0.2,72,110.21458662985,7.62407253374099,1.1350922653247917
dynamic,LP1,0.2,0.25,0.5,72,88.39602917591037,7.705696140601811,1.180207032992585
dynamic,LP1,0.2,0.25,1,72,63.76408211203306,8.312254755984142,1.2332108076463062
dynamic,LP1,0.2,0.25,2,72,38.32296216710119,8.886113528445868,1.238144960343206
dynamic,LP1,0.2,0.5,0.1,24,59.335266250055035,2.623585642811497,0.47036503708282623
dynamic,LP1,0.2,0.5,0.2,24,49.159503360364226,2.3875573523167972,0.4535787479822322
dynamic,LP1,0.2,0.5,0.5,24,37.99431690182449,2.036343450481184,0.40706653942079596
dynamic,LP1,0.2,0.5,1,24,29.833773651918428,1.8110314257626587,0.37016922458547746
dynamic,LP1,0.2,0.5,2,24,21.544204202837058,1.62998907187066,0.34075587513191613
dynamic,LP1,0.2,0.5,0.1,72,115.24269789970411,5.379406649830587,0.7894192462352552
dynamic,LP1,0.2,0.5,0.2,72,105.18447683455281,5.237038216536012,0.8002103351315938
dynamic,LP1,0.2,0.5,0.5,72,81.45270902395517,5.475754497599092,0.8359315762031565
dynamic,LP1,0.2,0.5,1,72,57.87819906668628,5.677621966887446,0.8337417685108576
dynamic,LP1,0.2,0.5,2,72,34.753690743844544,5.422057527338112,0.7594667899536999
dynamic,LP1,0.2,1,0.1,24,38.928564687486244,1.5936335107947768,0.2757027142733094
dynamic,LP1,0.2,1,0.2,24,31.12026128461817,1.3802026310585604,0.25300887464531624
dynamic,LP1,0.2,1,0.5,24,23.24147051208954,1.1528783277376324,0.2221502455432269
dynamic,LP1,0.2,1,1,24,19.002687716703623,1.0174552520089655,0.20352160803190483
dynamic,LP1,0.2,1,2,24,14.916886825962052,0.9055157128929621,0.185084612336522
dynamic,LP1,0.2,1,0.1,72,98.40409066603065,4.062938535645172,0.6187916785869261
dynamic,LP1,0.2,1,0.2,72,87.62117955502818,3.9602185392885283,0.617420796995319
dynamic,LP1,0.2,1,0.5,72,66.22950420451204,3.8242536222139134,0.6056419005618315
dynamic,LP1,0.2,1,1,72,47.36200513618987,3.580175474792788,0.53042640310722
dynamic,LP1,0.2,1,2,72,29.94783641168235,3.159326132895671,0.4537572170756366
dynamic,LP1,0.2,2,0.1,24,24.57202888547158,0.9372530310607112,0.1577823177717352
dynamic,LP1,0.2,2,0.2,24,19.802307770438652,0.8021495656405706,0.1394939604274626
dynamic,LP1,0.2,2,0.5,24,14.467851864369791,0.6582461426588766,0.12222512952725165
dynamic,LP1,0.2,2,1,24,11.621183953031373,0.5764287154453207,0.11107729627633905
dynamic,LP1,0.2,2,2,24,9.501343858358007,0.5087276260239042,0.10176080407091571
dynamic,LP1,0.2,2,0.1,72,67.53060942407228,2.946447848100826,0.46599431566366106
dynamic,LP1,0.2,2,0.2,72,57.496972417506015,2.718055336647514,0.45196649147265955
dynamic,LP1,0.2,2,0.5,72,44.36424017741808,2.325891509011251,0.3747773657138895
dynamic,LP1,0.2,2,1,72,34.03503715277963,2.0510409782892958,0.3189247873652494
dynamic,LP1,0.2,2,2,72,23.76076351052494,1.811089753147781,0.26901834014689135
dynamic,LP1,0.2,5,0.1,24,13.356466617582946,0.4731609107131918,0.07515276142753036
dynamic,LP1,0.2,5,0.2,24,10.63535397407609,0.39712455193352864,0.06552608072924307
dynamic,LP1,0.2,5,0.5,24,7.933491858329732,0.32080640615587663,0.055728189792541384
dynamic,LP1,0.2,5,1,24,6.253402484183748,0.2759568991495103,0.05051738914118208
dynamic,LP1,0.2,5,2,24,4.965256879653468,0.24029078204691082,0.04572728386619474
dynamic,LP1,0.2,5,0.1,72,38.922621944515654,1.6052219082271573,0.2608836371676865
dynamic,LP1,0.2,5,0.2,72,31.17679259894355,1.371355296601937,0.22637437049811723
dynamic,LP1,0.2,5,0.5,72,23.3296682116337,1.1184079226958836,0.18509190711348716
dynamic,LP1,0.2,5,1,72,19.070043367249887,0.9708465501414064,0.15765213299084652
dynamic,LP1,0.2,5,2,72,14.962321581732821,0.8544300928154887,0.1348069349830898
dynamic,LP1,0.2,20,0.1,24,5.864745398863803,0.18102424366283082,0.024809110308715437
dynamic,LP1,0.2,20,0.2,24,4.375793464356317,0.1439037608221824,0.02168499881273904
dynamic,LP1,0.2,20,0.5,24,3.099831770278679,0.11160848001434674,0.017849793981171366
dynamic,LP1,0.2,20,1,24,2.4788880122687136,0.09400822840935708,0.015713558950728727
dynamic,LP1,0.2,20,2,24,1.983372964584231,0.0802016015622324,0.01393204745472936
dynamic,LP1,0.2,20,0.1,72,15.359342112121043,0.5813062858142631,0.09519906352839845
dynamic,LP1,0.2,20,0.2,72,12.353082011874784,0.4825313832436989,0.07976468160999999
dynamic,LP1,0.2,20,0.5,72,9.203332344115877,0.383340729514962,0.06298268100040043
dynamic,LP1,0.2,20,1,72,7.252068253030462,0.3251929457389323,0.05382822440756
dynamic,LP1,0.2,20,2,72,5.832577655572433,0.27960462513026846,0.04627651631534879
dynamic,LP1,0.4,0,0.1,24,100.25427536435406,59.9479137028914,37.31194605686414
dynamic,LP1,0.4,0,0.2,24,94.53371827489819,53.20608697950047,35.624054416791836
dynamic,LP1,0.4,0,0.5,24,88.3285973472914,58.218499152557904,44.814847034132164
dynamic,LP1,0.4,0,1,24,86.8990750175012,71.11952138687207,57.62856803029903
dynamic,LP1,0.4,0,2,24,88.51808712893386,82.59234147247538,69.47917620472822
dynamic,LP1,0.4,0,0.1,72,100.25427536435434,59.94791370289151,37.311946056864244
dynamic,LP1,0.4,0,0.2,72,94.53371827489823,53.206086979500434,35.62405441679183
dynamic,LP1,0.4,0,0.5,72,88.32859734729158,58.21849915255803,44.81484703413225
dynamic,LP1,0.4,0,1,72,86.89907501750145,71.11952138687225,57.62856803029917
dynamic,LP1,0.4,0,2,72,88.51808712891933,82.59234147246144,69.47917620471506
dynamic,LP1,0.4,0.1,0.1,24,89.7294315564086,5.357638586280565,1.4627983845770534
dynamic,LP1,0.4,0.1,0.2,24,84.39488123451133,5.162608341285444,1.4762682571978005
dynamic,LP1,0.4,0.1,0.5,24,70.36594651242005,5.165536411863482,1.5060742848724187
dynamic,LP1,0.4,0.1,1,24,53.41485783176257,5.410028236397279,1.4998461731021002
dynamic,LP1,0.4,0.1,2,24,34.480248526375235,5.9214211826865615,1.5082229724954892
dynamic,LP1,0.4,0.1,0.1,72,92.4167826654535,14.609092250962116,2.287243773823161
dynamic,LP1,0.4,0.1,0.2,72,87.68752522595892,12.641759467098204,2.022292301551144
dynamic,LP1,0.4,0.1,0.5,72,75.74203039631132,11.502975447405436,1.8286208125403711
dynamic,LP1,0.4,0.1,1,72,59.81127255766115,11.646677263657516,1.870187342832255
dynamic,LP1,0.4,0.1,2,72,40.21869404035887,13.476774815799004,1.9610707707988932
dynamic,LP1,0.4,0.25,0.1,24,77.99443475368038,3.3494237589337126,0.7298536891620461
dynamic,LP1,0.4,0.25,0.2,24,71.35434889213501,3.257324702544966,0.7113530831028456
dynamic,LP1,0.4,0.25,0.5,24,56.663707601485086,3.213316720945381,0.6940927390783935
dynamic,LP1,0.4,0.25,1,24,42.48672322500603,3.130222902478602,0.6678996454428556
dynamic,LP1,0.4,0.25,2,24,28.06098239549186,2.9238712991006937,0.6464068607554179
dynamic,LP1,0.4,0.25,0.1,72,91.29114812509731,7.682678901260806,1.1590013393990912
dynamic,LP1,0.4,0.25,0.2,72,86.47126684186851,7.0407378178515785,1.0623145197814219
dynamic,LP1,0.4,0.25,0.5,72,73.69884935595337,6.667723966998198,1.0274501018128153
dynamic,LP1,0.4,0.25,1,72,57.04671642288442,6.96182859097511,1.0686953515809667
dynamic,LP1,0.4,0.25,2,72,37.32890824472028,8.025867436029626,1.1258436190932322
dynamic,LP1,0.4,0.5,0.1,24,55.30565352595671,2.406307276221211,0.42232932748967855
dynamic,LP1,0.4,0.5,0.2,24,48.057226541441125,2.2456029787882685,0.42703273752048265
dynamic,LP1,0.4,0.5,0.5,24,37.89323374433864,2.0266935172863305,0.40693323281687377
dynamic,LP1,0.4,0.5,1,24,29.827386991242044,1.8105229354708272,0.3702049794413821
dynamic,LP1,0.4,0.5,2,24,21.544204202837058,1.62998907187066,0.34075587513191613
dynamic,LP1,0.4,0.5,0.1,72,89.72052041910905,4.813000102629796,0.7217019262035971
dynamic,LP1,0.4,0.5,0.2,72,84.37823439509387,4.567377546630363,0.6873581478270214
dynamic,LP1,0.4,0.5,0.5,72,70.34050813947623,4.619035584311564,0.7017541765862875
dynamic,LP1,0.4,0.5,1,72,53.39211921241105,4.80943478696006,0.7372811028047104
dynamic,LP1,0.4,0.5,2,72,34.43357882701826,5.203102677582381,0.7313812557815201
dynamic,LP1,0.4,1,0.1,24,37.794192592844524,1.5677395348155378,0.26687827315341184
dynamic,LP1,0.4,1,0.2,24,30.889191675566302,1.3767034403317127,0.2525080272999513
dynamic,LP1,0.4,1,0.5,24,23.22597963895289,1.1531353040914145,0.22226323328335712
dynamic,LP1,0.4,1,1,24,19.002687716703623,1.0174552520089655,0.20352160803190483
dynamic,LP1,0.4,1,2,24,14.916886825962052,0.9055157128929621,0.185084612336522
dynamic,LP1,0.4,1,0.1,72,83.56970392331203,3.4464261860902923,0.5340516126049227
dynamic,LP1,0.4,1,0.2,72,76.98542940646465,3.3449813344725245,0.5107451079616225
dynamic,LP1,0.4,1,0.5,72,61.616206906484756,3.3695219983800038,0.5223794723144647
dynamic,LP1,0.4,1,1,72,46.085394925265035,3.331444343227671,0.5047916842836431
dynamic,LP1,0.4,1,2,72,29.90908599864587,3.1403160145070426,0.45217362172560005
dynamic,LP1,0.4,2,0.1,24,24.326374050004183,0.9306283530540694,0.15619096414107217
dynamic,LP1,0.4,2,0.2,24,19.726130345573974,0.801838757658677,0.1396440414836838
dynamic,LP1,0.4,2,0.5,24,14.46662016999976,0.658229995850589,0.12223414979718557
dynamic,LP1,0.4,2,1,24,11.621183953031373,0.5764287154453207,0.11107729627633905
dynamic,LP1,0.4,2,2,24,9.501343858358007,0.5087276260239042,0.10176080407091571
dynamic,LP1,0.4,2,0.1,72,62.31927542695223,2.628862038886672,0.39316638378160657
dynamic,LP1,0.4,2,0.2,72,55.59426782360066,2.482661576520583,0.3939142979691256
dynamic,LP1,0.4,2,0.5,72,44.05684794125974,2.280396921585787,0.373287328342437
dynamic,LP1,0.4,2,1,72,33.998657799874955,2.045748322196453,0.31908193190966444
dynamic,LP1,0.4,2,2,72,23.76076351052494,1.811089753147781,0.26901834014689135
dynamic,LP1,0.4,5,0.1,24,13.293671760817702,0.4720081135565025,0.07544579465187114
dynamic,LP1,0.4,5,0.2,24,10.622745240726472,0.39709943571940237,0.0655997106572672
dynamic,LP1,0.4,5,0.5,24,7.933491858329732,0.32080640615587663,0.055728189792541384
dynamic,LP1,0.4,5,1,24,6.253402484183748,0.2759568991495103,0.05051738914118208
dynamic,LP1,0.4,5,2,24,4.965256879653468,0.24029078204691082,0.04572728386619474
dynamic,LP1,0.4,5,0.1,72,37.79357120348392,1.5770430181206248,0.25370367653508163
dynamic,LP1,0.4,5,0.2,72,30.949934672904984,1.3664010968004239,0.2263698375672591
dynamic,LP1,0.4,5,0.5,72,23.31345280711062,1.1182662354676427,0.1851592667720392
dynamic,LP1,0.4,5,1,72,19.070043367249887,0.9708465501414064,0.15765213299084652
dynamic,LP1,0.4,5,2,72,14.962321581732821,0.8544300928154887,0.1348069349830898
dynamic,LP1,0.4,20,0.1,24,5.859142883379506,0.18104523325332458,0.024802949202554988
dynamic,LP1,0.4,20,0.2,24,4.375793464356317,0.1439037608221824,0.02168499881273904
dynamic,LP1,0.4,20,0.5,24,3.099831770278679,0.11160848001434674,0.017849793981171366
dynamic,LP1,0.4,20,1,24,2.4788880122687136,0.09400822840935708,0.015713558950728727
dynamic,LP1,0.4,20,2,24,1.983372964584231,0.0802016015622324,0.01393204745472936
dynamic,LP1,0.4,20,0.1,72,15.271769564011842,0.578659068118825,0.09459422539745536
dynamic,LP1,0.4,20,0.2,72,12.332209360814764,0.48249419230490515,0.07986310720928047
dynamic,LP1,0.4,20,0.5,72,9.203332344115877,0.383340729514962,0.06298268100040043
dynamic,LP1,0.4,20,1,72,7.252068253030462,0.3251929457389323,0.05382822440756
dynamic,LP1,0.4,20,2,72,5.832577655572433,0.27960462513026846,0.04627651631534879
dynamic,LP1,0.6000000000000001,0,0.1,24,69.31317466052703,45.22919223110328,28.33153803829532
dynamic,LP1,0.6000000000000001,0,0.2,24,65.65735903237967,38.94244346379346,25.607059799991674
dynamic,LP1,0.6000000000000001,0,0.5,24,60.74327754685828,36.83251478254353,27.177990493390517
dynamic,LP1,0.6000000000000001,0,1,24,58.843901965421125,43.330629430690735,34.28106224583808
dynamic,LP1,0.6000000000000001,0,2,24,59.601958901698495,52.73919969680971,43.88950270448548
dynamic,LP1,0.6000000000000001,0,0.1,72,69.31317466052667,45.22919223110309,28.331538038295168
dynamic,LP1,0.6000000000000001,0,0.2,72,65.65735903238019,38.942443463793786,25.60705979999194
dynamic,LP1,0.6000000000000001,0,0.5,72,60.743277546858785,36.83251478254391,27.177990493390812
dynamic,LP1,0.6000000000000001,0,1,72,58.84390196542114,43.33062943069073,34.281062245838086
dynamic,LP1,0.6000000000000001,0,2,72,59.60195890170582,52.73919969681555,43.88950270449157
dynamic,LP1,0.6000000000000001,0.1,0.1,24,61.803136934761966,4.9289635861236585,1.3733315066703387
dynamic,LP1,0.6000000000000001,0.1,0.2,24,59.44050106489838,4.606460037128256,1.3671650012119017
dynamic,LP1,0.6000000000000001,0.1,0.5,24,53.14629780746541,4.3664018478349576,1.4019405767312936
dynamic,LP1,0.6000000000000001,0.1,1,24,44.265861826647175,4.42629114321694,1.4222419814139247
dynamic,LP1,0.6000000000000001,0.1,2,24,31.946747780565413,4.773618444731688,1.4359170394360004
dynamic,LP1,0.6000000000000001,0.1,0.1,72,63.31338792974049,13.582100015184082,2.16146619929308
dynamic,LP1,0.6000000000000001,0.1,0.2,72,60.830961250123615,11.571197856922842,1.9143545523022847
dynamic,LP1,0.6000000000000001,0.1,0.5,72,55.02891274480889,9.798947593170684,1.6395652745551204
dynamic,LP1,0.6000000000000001,0.1,1,72,47.154343633127844,9.478768879858526,1.6023352584009067
dynamic,LP1,0.6000000000000001,0.1,2,72,35.28565423014729,10.022788983636236,1.6424830911565405
dynamic,LP1,0.6000000000000001,0.25,0.1,24,59.053931669127174,2.7496566680518537,0.650633947924778
dynamic,LP1,0.6000000000000001,0.25,0.2,24,56.17122424252802,2.6471714168434466,0.6570593941751763
dynamic,LP1,0.6000000000000001,0.25,0.5,24,48.42744228312718,2.6184370335331533,0.6592763418454969
dynamic,LP1,0.6000000000000001,0.25,1,24,38.81264960570538,2.663851609271868,0.6439209997322083
dynamic,LP1,0.6000000000000001,0.25,2,24,27.50324270720265,2.748833570370176,0.6342308361286606
dynamic,LP1,0.6000000000000001,0.25,0.1,72,62.462090256016054,7.3356847891929,1.0971593846150314
dynamic,LP1,0.6000000000000001,0.25,0.2,72,60.12677677936232,6.519363980623871,0.9985371944234461
dynamic,LP1,0.6000000000000001,0.25,0.5,72,54.22677895909272,5.779097688527744,0.8793812840721084
dynamic,LP1,0.6000000000000001,0.25,1,72,45.85264710041036,5.685126132686018,0.8918970150572074
dynamic,LP1,0.6000000000000001,0.25,2,72,33.56254181472012,6.113169070279896,0.9170138687952146
dynamic,LP1,0.6000000000000001,0.5,0.1,24,47.420144994151755,2.02195559208962,0.38262402399147105
dynamic,LP1,0.6000000000000001,0.5,0.2,24,43.96525092924199,1.9198076304930851,0.37154116934055587
dynamic,LP1,0.6000000000000001,0.5,0.5,24,36.813700539333176,1.844748151027803,0.3754476192713649
dynamic,LP1,0.6000000000000001,0.5,1,24,29.53008218346284,1.7598290003532409,0.36715744850458637
dynamic,LP1,0.6000000000000001,0.5,2,24,21.520478563078488,1.6219569076266371,0.33934986249394117
dynamic,LP1,0.6000000000000001,0.5,0.1,72,61.76059866515389,4.369947978650242,0.6530070131260736
dynamic,LP1,0.6000000000000001,0.5,0.2,72,59.41463505421295,4.060824126923526,0.6151189051027728
dynamic,LP1,0.6000000000000001,0.5,0.5,72,53.10267472651572,3.7696954070115223,0.5741636723076967
dynamic,LP1,0.6000000000000001,0.5,1,72,44.1980143819575,3.852848325301019,0.5901036496250267
dynamic,LP1,0.6000000000000001,0.5,2,72,31.881732963570364,4.155753117895774,0.6165317582314569
dynamic,LP1,0.6000000000000001,1,0.1,24,34.36090474832771,1.4452767946999443,0.24430570276777314
dynamic,LP1,0.6000000000000001,1,0.2,24,29.667632483699307,1.3117925288184327,0.23518236899770228
dynamic,LP1,0.6000000000000001,1,0.5,24,23.11746327644776,1.1504488064410778,0.2218343056178866
dynamic,LP1,0.6000000000000001,1,1,24,18.997158452968872,1.0181717246868909,0.20353326966289478
dynamic,LP1,0.6000000000000001,1,2,24,14.916886825962052,0.9055157128929621,0.185084612336522
dynamic,LP1,0.6000000000000001,1,0.1,72,60.285371357946126,2.808209016847552,0.4024524998098241
dynamic,LP1,0.6000000000000001,1,0.2,72,57.62134801736594,2.6897031995526466,0.39470957390864825
dynamic,LP1,0.6000000000000001,1,0.5,72,50.32095749342575,2.6433836729403852,0.3986974580954115
dynamic,LP1,0.6000000000000001,1,1,72,40.72635411250139,2.7378771602932277,0.4179657902860102
dynamic,LP1,0.6000000000000001,1,2,72,28.938879654602786,2.83864328987638,0.4168238429726156
dynamic,LP1,0.6000000000000001,2,0.1,24,23.393012767187912,0.9152478031134752,0.15019245345001808
dynamic,LP1,0.6000000000000001,2,0.2,24,19.464378459824218,0.7968170729417601,0.13785143793700755
dynamic,LP1,0.6000000000000001,2,0.5,24,14.434405450553019,0.6589907536015166,0.12236403191857569
dynamic,LP1,0.6000000000000001,2,1,24,11.620735256254846,0.5764391638344744,0.11107512270550296
dynamic,LP1,0.6000000000000001,2,2,24,9.501343858358007,0.5087276260239042,0.10176080407091571
dynamic,LP1,0.6000000000000001,2,0.1,72,52.432991704608604,2.1296393459265524,0.3387887791049724
dynamic,LP1,0.6000000000000001,2,0.2,72,49.20204161900753,2.0314690704545098,0.3093958848909596
dynamic,LP1,0.6000000000000001,2,0.5,72,41.53365560698554,1.9694839902492633,0.3111620176043761
dynamic,LP1,0.6000000000000001,2,1,72,33.11457929596172,1.9120595275794825,0.3027801655095622
dynamic,LP1,0.6000000000000001,2,2,72,23.681002784074504,1.7900878283555768,0.2652132042573382
dynamic,LP1,0.6000000000000001,5,0.1,24,13.106142436197862,0.46804480815079974,0.07429043625742648
dynamic,LP1,0.6000000000000001,5,0.2,24,10.56251080337949,0.39609451389458084,0.0658095156333026
dynamic,LP1,0.6000000000000001,5,0.5,24,7.930091644508238,0.3208057461882968,0.05575294698694563
dynamic,LP1,0.6000000000000001,5,1,24,6.253402484183748,0.2759568991495103,0.05051738914118208
dynamic,LP1,0.6000000000000001,5,2,24,4.965256879653468,0.24029078204691082,0.04572728386619474
dynamic,LP1,0.6000000000000001,5,0.1,72,34.388493953187485,1.4486066571531326,0.22682134077481808
dynamic,LP1,0.6000000000000001,5,0.2,72,29.730579827922078,1.2970717879431035,0.21040307827636168
dynamic,LP1,0.6000000000000001,5,0.5,72,23.20634898396412,1.1138834842410514,0.18543686558389982
dynamic,LP1,0.6000000000000001,5,1,72,19.06414403630433,0.9708918017203376,0.15751992219709193
dynamic,LP1,0.6000000000000001,5,2,72,14.962321581732821,0.8544300928154887,0.1348069349830898
dynamic,LP1,0.6000000000000001,20,0.1,24,5.822174787706752,0.18101586016403115,0.0247856717948225
dynamic,LP1,0.6000000000000001,20,0.2,24,4.371737290155645,0.14392605925264584,0.021683726447171286
dynamic,LP1,0.6000000000000001,20,0.5,24,3.099831770278679,0.11160848001434674,0.017849793981171366
dynamic,LP1,0.6000000000000001,20,1,24,2.4788880122687136,0.09400822840935708,0.015713558950728727
dynamic,LP1,0.6000000000000001,20,2,24,1.983372964584231,0.0802016015622324,0.01393204745472936
dynamic,LP1,0.6000000000000001,20,0.1,72,15.025893809430963,0.5704673491958966,0.09221135878600145
dynamic,LP1,0.6000000000000001,20,0.2,72,12.248165653458013,0.4801137629301355,0.0791757451930742
dynamic,LP1,0.6000000000000001,20,0.5,72,9.195313811524294,0.383303540451255,0.06304040681414022
dynamic,LP1,0.6000000000000001,20,1,72,7.252068253030462,0.3251929457389323,0.05382822440756
dynamic,LP1,0.6000000000000001,20,2,72,5.832577655572433,0.27960462513026846,0.04627651631534879
dynamic,LP1,0.8,0,0.1,24,36.64574760288626,27.870441169677733,17.89817371139941
dynamic,LP1,0.8,0,0.2,24,34.79962763915338,23.210077221167595,14.920498903167665
dynamic,LP1,0.8,0,0.5,24,32.18601483532851,18.665362691405367,12.466792579113346
dynamic,LP1,0.8,0,1,24,30.401807297639017,18.490806071759284,13.669837829578666
dynamic,LP1,0.8,0,2,24,29.576031262550458,21.967440251030496,17.392437282738857
dynamic,LP1,0.8,0,0.1,72,36.64574760288646,27.87044116967786,17.89817371139947
dynamic,LP1,0.8,0,0.2,72,34.79962763915355,23.210077221167715,14.920498903167767
dynamic,LP1,0.8,0,0.5,72,32.18601483532876,18.665362691405495,12.466792579113434
dynamic,LP1,0.8,0,1,72,30.40180729763907,18.490806071759366,13.669837829578732
dynamic,LP1,0.8,0,2,72,29.57603126255056,21.967440251030588,17.392437282738918
dynamic,LP1,0.8,0.1,0.1,24,32.16530445543147,4.5057740997604006,1.2612525288235863
dynamic,LP1,0.8,0.1,0.2,24,31.275481953198796,4.246829422523,1.2716493507033941
dynamic,LP1,0.8,0.1,0.5,24,29.592195459464886,3.719228655023036,1.259275087964824
dynamic,LP1,0.8,0.1,1,24,27.143500454838875,3.5030591528269124,1.2742280182002652
dynamic,LP1,0.8,0.1,2,24,23.009491939646534,3.4532327664146183,1.3062746763887192
dynamic,LP1,0.8,0.1,0.1,72,33.202942862539324,10.705060161640356,1.7902274942859226
dynamic,LP1,0.8,0.1,0.2,72,32.129537846780785,9.519726830198035,1.638776989290121
dynamic,LP1,0.8,0.1,0.5,72,30.151086763820015,7.564375681280441,1.3972266458883542
dynamic,LP1,0.8,0.1,1,72,27.812920926850097,6.658277314824776,1.286683214630928
dynamic,LP1,0.8,0.1,2,72,24.01281793021707,6.408005667816238,1.2705862592079853
dynamic,LP1,0.8,0.25,0.1,24,31.498956154013246,2.1681792395563155,0.5626876944250085
dynamic,LP1,0.8,0.25,0.2,24,30.729384352867278,2.0884702758711975,0.5675412649644225
dynamic,LP1,0.8,0.25,0.5,24,28.957041496014842,1.9539327742086954,0.5681943500056643
dynamic,LP1,0.8,0.25,1,24,26.258802495875244,1.8915698307812923,0.5819107597518902
dynamic,LP1,0.8,0.25,2,24,21.702810997388372,1.9484815352367133,0.5857781663966976
dynamic,LP1,0.8,0.25,0.1,72,32.50686717103987,6.4959620903438156,1.0001828278754707
dynamic,LP1,0.8,0.25,0.2,72,31.529226893509357,5.938912370314311,0.92823533449113
dynamic,LP1,0.8,0.25,0.5,72,29.79577021634352,4.8611606921174735,0.7898088426140162
dynamic,LP1,0.8,0.25,1,72,27.424576563443697,4.354130161050646,0.708574856861616
dynamic,LP1,0.8,0.25,2,72,23.42940115173112,4.226420258358742,0.6910342294699408
dynamic,LP1,0.8,0.5,0.1,24,30.35180508070584,1.4278072108400874,0.33044321287686346
dynamic,LP1,0.8,0.5,0.2,24,29.52697313924944,1.3748280191071218,0.3253166142451253
dynamic,LP1,0.8,0.5,0.5,24,27.38266739192075,1.307533781887264,0.32976147554039836
dynamic,LP1,0.8,0.5,1,24,24.21372138109458,1.3092185645819487,0.3296381872124479
dynamic,LP1,0.8,0.5,2,24,19.406302372206437,1.3320164574553297,0.3219789092822206
dynamic,LP1,0.8,0.5,0.1,72,32.131233158610584,3.898303038439926,0.5776796174043035
dynamic,LP1,0.8,0.5,0.2,72,31.231214888025217,3.6678425322601598,0.5485803098595561
dynamic,LP1,0.8,0.5,0.5,72,29.548782165343763,3.1509249018509027,0.4778344178369099
dynamic,LP1,0.8,0.5,1,72,27.113389874693997,2.889548001919245,0.4396906972725896
dynamic,LP1,0.8,0.5,2,72,22.926323351595155,2.8425629132061263,0.4459485351600173
dynamic,LP1,0.8,1,0.1,24,25.06142301089538,1.0674877678577797,0.20024355189242665
dynamic,LP1,0.8,1,0.2,24,23.710073574481264,1.0109774652422405,0.19131160032078015
dynamic,LP1,0.8,1,0.5,24,21.259309148089926,0.9451289159328443,0.18522912956115936
dynamic,LP1,0.8,1,1,24,18.406850270197943,0.9223740931933808,0.1877238079634316
dynamic,LP1,0.8,1,2,24,14.765041222623282,0.8799145064046173,0.1835787328674012
dynamic,LP1,0.8,1,0.1,72,31.692026773791582,2.2789061029178024,0.3334676692293238
dynamic,LP1,0.8,1,0.2,72,30.880297854993714,2.184973422587333,0.32650339039662624
dynamic,LP1,0.8,1,0.5,72,29.15826694118495,1.9868215003434628,0.29838896045607766
dynamic,LP1,0.8,1,1,72,26.551337316682762,1.8848475967259597,0.2870818228337472
dynamic,LP1,0.8,1,2,72,22.099007075072848,1.926424345231715,0.2950519138920419
dynamic,LP1,0.8,2,0.1,24,19.262286765524347,0.7756682710571475,0.13317669250357825
dynamic,LP1,0.8,2,0.2,24,17.180451369112063,0.7226376727345498,0.12215282977593551
dynamic,LP1,0.8,2,0.5,24,13.996535999124536,0.6363557744226467,0.11671737492696088
dynamic,LP1,0.8,2,1,24,11.55876619781168,0.5752175735210242,0.1109175186376911
dynamic,LP1,0.8,2,2,24,9.498579231983067,0.5090858617842063,0.10176663498926926
dynamic,LP1,0.8,2,0.1,72,30.893387577012422,1.4622102827411911,0.20660378256784787
dynamic,LP1,0.8,2,0.2,72,30.142690903440947,1.4041032762681716,0.20122626750258862
dynamic,LP1,0.8,2,0.5,72,28.15377267319426,1.3261884097697796,0.19767266023252494
dynamic,LP1,0.8,2,1,72,25.160478893469374,1.3216918114349963,0.19934872908360912
dynamic,LP1,0.8,2,2,72,20.362719458672892,1.3688136660275951,0.20900477164566722
dynamic,LP1,0.8,5,0.1,24,12.107059530390178,0.4442407505833526,0.06851889712161313
dynamic,LP1,0.8,5,0.2,24,10.184764512183715,0.38867831454766055,0.06338108547025717
dynamic,LP1,0.8,5,0.5,24,7.856535275606751,0.3202683492783784,0.05583632407152861
dynamic,LP1,0.8,5,1,24,6.243007509927868,0.27602086844907026,0.05058381742541422
dynamic,LP1,0.8,5,2,24,4.9652568811025874,0.24029078037266946,0.04572728277946258
dynamic,LP1,0.8,5,0.1,72,25.119592836057112,1.0432464889579796,0.15757090313808378
dynamic,LP1,0.8,5,0.2,72,23.773293573846978,0.9762194794279249,0.14930049063633774
dynamic,LP1,0.8,5,0.5,72,21.321441133335913,0.9147649341395118,0.1402074324397238
dynamic,LP1,0.8,5,1,72,18.463599556258448,0.8805775044934769,0.14285834238671968
dynamic,LP1,0.8,5,2,72,14.808489464552778,0.8296781638551808,0.13292465672287732
dynamic,LP1,0.8,20,0.1,24,5.669813058393716,0.1779715180602866,0.024217633365868678
dynamic,LP1,0.8,20,0.2,24,4.3173371652508,0.14374968499806307,0.021643762654235916
dynamic,LP1,0.8,20,0.5,24,3.094814064304285,0.11160641655703454,0.017869274313467017
dynamic,LP1,0.8,20,1,24,2.4788880158117874,0.09400822883771154,0.01571355838037664
dynamic,LP1,0.8,20,2,24,1.983372964584231,0.0802016015622324,0.01393204745472936
dynamic,LP1,0.8,20,0.1,72,13.621284660655888,0.5286887619608952,0.08505601392477048
dynamic,LP1,0.8,20,0.2,72,11.66946518554517,0.46652005421276826,0.07584724162798606
dynamic,LP1,0.8,20,0.5,72,9.090128148121211,0.3818239562039765,0.06298606317164836
dynamic,LP1,0.8,20,1,72,7.235065442725324,0.3255116991340902,0.05383398965649311
dynamic,LP1,0.8,20,2,72,5.832417053075039,0.279601980698104,0.04627297678688073
dynamic,LP1,1,0,0.1,24,1.1065595088777006e-4,1.1035263859773889e-4,1.0853363953778747e-4
dynamic,LP1,1,0,0.2,24,1.1446746326740706e-4,1.1415374429715957e-4,1.1227208965095867e-4
dynamic,LP1,1,0,0.5,24,1.1574256465902821e-4,1.1542543720655361e-4,1.1352282095014764e-4
dynamic,LP1,1,0,1,24,1.1549986870238115e-4,1.1486703864393379e-4,1.1107065158602311e-4
dynamic,LP1,1,0,2,24,1.1862278486136652e-4,1.1732270451225054e-4,1.0952465503924999e-4
dynamic,LP1,1,0,0.1,72,1.1065595135574554e-4,1.103526390602e-4,1.0853363996313976e-4
dynamic,LP1,1,0,0.2,72,1.1446746358622231e-4,1.1415374461601157e-4,1.122720899686751e-4
dynamic,LP1,1,0,0.5,72,1.1574256543786614e-4,1.1542543797979607e-4,1.1352282168830907e-4
dynamic,LP1,1,0,1,72,1.154998690928267e-4,1.1486703903173114e-4,1.1107065196201864e-4
dynamic,LP1,1,0,2,72,1.1862278484277599e-4,1.1732270449481142e-4,1.0952465501978307e-4
dynamic,LP1,1,0.1,0.1,24,1.0934774328461656e-4,1.0906669689076922e-4,1.0729464398996465e-4
dynamic,LP1,1,0.1,0.2,24,1.1469417436025781e-4,1.1439004643434748e-4,1.1251852220921479e-4
dynamic,LP1,1,0.1,0.5,24,1.1366615336545322e-4,1.1335883813966141e-4,1.1149599280413978e-4
dynamic,LP1,1,0.1,1,24,1.1883216979123832e-4,1.1818530494960056e-4,1.1428331080266991e-4
dynamic,LP1,1,0.1,2,24,1.1574622427946756e-4,1.1448210172628059e-4,1.0694243320551005e-4
dynamic,LP1,1,0.1,0.1,72,1.0809025006038152e-4,1.0780817824561177e-4,1.060723575860429e-4
dynamic,LP1,1,0.1,0.2,72,1.1106660320769851e-4,1.1076968247378287e-4,1.0896537746546901e-4
dynamic,LP1,1,0.1,0.5,72,1.1412060432005762e-4,1.1381100782311272e-4,1.119439857939781e-4
dynamic,LP1,1,0.1,1,72,1.150402864618146e-4,1.1441331869959885e-4,1.1064008936907277e-4
dynamic,LP1,1,0.1,2,72,1.1964487907735199e-4,1.1833691388282148e-4,1.1047976865366833e-4
dynamic,LP1,1,0.25,0.1,24,1.1409003444035225e-4,1.1382045345407707e-4,1.1200376324937369e-4
dynamic,LP1,1,0.25,0.2,24,1.0964788880640013e-4,1.0937019926995929e-4,1.0759880003047056e-4
dynamic,LP1,1,0.25,0.5,24,1.1464542488964267e-4,1.1434143444518991e-4,1.1247070573514686e-4
dynamic,LP1,1,0.25,1,24,1.1371523676861641e-4,1.1310234419913508e-4,1.0937385509093248e-4
dynamic,LP1,1,0.25,2,24,1.1094355274195356e-4,1.0973790807266568e-4,1.0342339356147261e-4
dynamic,LP1,1,0.25,0.1,72,1.1207612924219446e-4,1.1180320175064066e-4,1.1005974499280362e-4
dynamic,LP1,1,0.25,0.2,72,1.1443170619486795e-4,1.141365734093328e-4,1.1230865676161727e-4
dynamic,LP1,1,0.25,0.5,72,1.1505931218655743e-4,1.1475172004429227e-4,1.1288256368153458e-4
dynamic,LP1,1,0.25,1,72,1.1389438309818043e-4,1.1327849209414703e-4,1.0955471251669053e-4
dynamic,LP1,1,0.25,2,72,1.2164757075673598e-4,1.2032269082612838e-4,1.1234631064990468e-4
dynamic,LP1,1,0.5,0.1,24,1.1267587082526102e-4,1.124386203986283e-4,1.1068396683860467e-4
dynamic,LP1,1,0.5,0.2,24,1.1364313974412814e-4,1.1337442070483366e-4,1.1156446513489794e-4
dynamic,LP1,1,0.5,0.5,24,1.1197241505762514e-4,1.1168459535527094e-4,1.0986990673542179e-4
dynamic,LP1,1,0.5,1,24,1.1594953421029226e-4,1.1533454706856034e-4,1.1154189810590156e-4
dynamic,LP1,1,0.5,2,24,1.1583103333442231e-4,1.145830595705772e-4,1.069877969320853e-4
dynamic,LP1,1,0.5,0.1,72,1.1325858434232e-4,1.1300954377048453e-4,1.1132445591967635e-4
dynamic,LP1,1,0.5,0.2,72,1.1121825281238835e-4,1.1094720853432172e-4,1.092161420861863e-4
dynamic,LP1,1,0.5,0.5,72,1.1468324039827713e-4,1.143839491068948e-4,1.1254184390021631e-4
dynamic,LP1,1,0.5,1,72,1.1651692301315322e-4,1.1589497035263609e-4,1.1210546883441329e-4
dynamic,LP1,1,0.5,2,72,1.2183971256984297e-4,1.2052071061421426e-4,1.1255236764460873e-4
dynamic,LP1,1,1,0.1,24,1.0954924318361366e-4,1.0935190227782886e-4,1.076909173816199e-4
dynamic,LP1,1,1,0.2,24,1.1446472101491243e-4,1.1422290456768884e-4,1.1243906021006266e-4
dynamic,LP1,1,1,0.5,24,1.1388228360431135e-4,1.1360576120199325e-4,1.1178216283675209e-4
dynamic,LP1,1,1,1,24,1.1878441118707028e-4,1.1817367924848846e-4,1.1430583838453986e-4
dynamic,LP1,1,1,2,24,1.1903253592926057e-4,1.1777150642267031e-4,1.0998574476285176e-4
dynamic,LP1,1,1,0.1,72,1.1278838580632888e-4,1.1257915795740796e-4,1.110126701525888e-4
dynamic,LP1,1,1,0.2,72,1.0970971822384634e-4,1.0946837296938793e-4,1.0783569003985485e-4
dynamic,LP1,1,1,0.5,72,1.159781482289715e-4,1.1568911835401304e-4,1.1386548386018825e-4
dynamic,LP1,1,1,1,72,1.155047035742926e-4,1.1490383236054101e-4,1.1118491671525378e-4
dynamic,LP1,1,1,2,72,1.2029315318663748e-4,1.1900670175373087e-4,1.1118041504182097e-4
dynamic,LP1,1,2,0.1,24,1.1360572769819641e-4,1.1343510580305874e-4,1.1175866921180709e-4
dynamic,LP1,1,2,0.2,24,1.1202692103613591e-4,1.1182459004175857e-4,1.1012522131297858e-4
dynamic,LP1,1,2,0.5,24,1.1770098959155323e-4,1.1744078189147938e-4,1.1559057260203836e-4
dynamic,LP1,1,2,1,24,1.1872097930937178e-4,1.1814339045592865e-4,1.1430658882461523e-4
dynamic,LP1,1,2,2,24,1.2197548650072359e-4,1.2072551871917985e-4,1.1278491873487557e-4
dynamic,LP1,1,2,0.1,72,1.1081578415939847e-4,1.106549743982536e-4,1.0924469405825655e-4
dynamic,LP1,1,2,0.2,72,1.153078299174937e-4,1.150932794838165e-4,1.1348964880598875e-4
dynamic,LP1,1,2,0.5,72,1.1204249719966524e-4,1.1178601218336727e-4,1.1008972673259361e-4
dynamic,LP1,1,2,1,72,1.1212908368469781e-4,1.1157388335618958e-4,1.0803157784608433e-4
dynamic,LP1,1,2,2,72,1.1822879421217758e-4,1.169954284989996e-4,1.0937923614118019e-4
dynamic,LP1,1,5,0.1,24,1.143049403443848e-4,1.1416761649236338e-4,1.1252751908669424e-4
dynamic,LP1,1,5,0.2,24,1.1579787758900718e-4,1.1563387927701706e-4,1.139385966186131e-4
dynamic,LP1,1,5,0.5,24,1.188815308412276e-4,1.1844868557775495e-4,1.1473802255848813e-4
dynamic,LP1,1,5,1,24,1.1946655159068797e-4,1.1895859541849894e-4,1.1516374571400888e-4
dynamic,LP1,1,5,2,24,1.2137968486777041e-4,1.2023673541286947e-4,1.1242116826882104e-4
dynamic,LP1,1,5,0.1,72,1.1574204012353708e-4,1.1563027271640628e-4,1.1431934256078487e-4
dynamic,LP1,1,5,0.2,72,1.1585405918126736e-4,1.1570079330940412e-4,1.1426916416009108e-4
dynamic,LP1,1,5,0.5,72,1.175797945171011e-4,1.1736103242068764e-4,1.1572594304128008e-4
dynamic,LP1,1,5,1,72,1.1922711468893363e-4,1.1870972605891892e-4,1.1511917095307935e-4
dynamic,LP1,1,5,2,72,1.2221107155283963e-4,1.2102017810254675e-4,1.1334979067932596e-4
dynamic,LP1,1,20,0.1,24,1.1269609055288175e-4,1.1230449740719372e-4,1.05643322095357e-4
dynamic,LP1,1,20,0.2,24,1.152852572830842e-4,1.1484607435629662e-4,1.0799729070857158e-4
dynamic,LP1,1,20,0.5,24,1.1939898394587418e-4,1.188286505030723e-4,1.1163094826505076e-4
dynamic,LP1,1,20,1,24,1.2250541054293916e-4,1.2141547380868955e-4,1.1050985538559709e-4
dynamic,LP1,1,20,2,24,1.2010079500875938e-4,1.1858817893014912e-4,1.0645335073219698e-4
dynamic,LP1,1,20,0.1,72,1.1758160332742007e-4,1.1746153577256896e-4,1.1486973069078305e-4
dynamic,LP1,1,20,0.2,72,1.1949446165453137e-4,1.1933558823618271e-4,1.1660970723662126e-4
dynamic,LP1,1,20,0.5,72,1.2059269008563288e-4,1.2023270712790866e-4,1.1598518462201411e-4
dynamic,LP1,1,20,1,72,1.1873455487735066e-4,1.1805244541577443e-4,1.117815467520346e-4
dynamic,LP1,1,20,2,72,1.176284636100153e-4,1.1629713313303464e-4,1.0627012819356423e-4
tou,LP1,0,0,0.1,96,149.41628950224617,18.35932937183253,17.159721769827538
tou,LP1,0,0,0.2,96,138.5243412449779,18.926012748443995,17.629319897502423
tou,LP1,0,0,0.5,96,111.21405387784147,22.347737686104825,20.555872146116236
tou,LP1,0,0,1,96,80.49996920016662,29.241253927577944,27.037192095742107
tou,LP1,0,0,2,96,110.474875866231,107.66686759122463,106.68229735539735
tou,LP1,0,0.1,0.1,96,148.61860798164182,1.78731680445502,0.38748929004466703
tou,LP1,0,0.1,0.2,96,137.17151655086707,2.0963224562990552,0.39215586207089764
tou,LP1,0,0.1,0.5,96,107.0929681837921,2.2119691091918474,0.2767718672498443
tou,LP1,0,0.1,1,96,74.4583264374602,1.0760832596236447,0.19326813294784362
tou,LP1,0,0.1,2,96,39.05539686651939,0.1911981096830932,0.14035215230138973
tou,LP1,0,0.25,0.1,96,147.50836429401687,1.6453000939827844,0.34156627951887
tou,LP1,0,0.25,0.2,96,135.08148861577746,1.682272595334523,0.319208388728387
tou,LP1,0,0.25,0.5,96,103.31648071952452,1.4727877894571515,0.21454874307515381
tou,LP1,0,0.25,1,96,70.73745446066457,0.4269722357131571,0.11669783831042861
tou,LP1,0,0.25,2,96,37.74723440668078,0.07148739680943862,0.06110318913233612
tou,LP1,0,0.5,0.1,96,145.302778063063,1.432699660859906,0.32033586408124254
tou,LP1,0,0.5,0.2,96,130.64729527234832,1.2914415033805557,0.27876242834560533
tou,LP1,0,0.5,0.5,96,96.73657348418645,0.9587848843927018,0.17251068808992379
tou,LP1,0,0.5,1,96,64.88264389505268,0.11583283407407716,0.08804488663372098
tou,LP1,0,0.5,2,96,35.79085226625343,0.0547744332541945,0.049609743844285466
tou,LP1,0,1,0.1,96,135.45223025853338,0.7488068070743384,0.25280604651674454
tou,LP1,0,1,0.2,96,115.29541843927656,0.5166703526714914,0.1898928835523918
tou,LP1,0,1,0.5,96,82.40126841245942,0.27734143397518096,0.11755266336379151
tou,LP1,0,1,1,96,54.80305219467243,0.0777415534404437,0.07303273060780771
tou,LP1,0,1,2,96,32.45929557136359,0.046971240579917584,0.04389101575822572
tou,LP1,0,2,0.1,96,91.15164386023345,0.1508591200476995,0.12291653315665796
tou,LP1,0,2,0.2,96,76.6066175383987,0.10342885699827069,0.10324033029198806
tou,LP1,0,2,0.5,96,57.31164410140549,0.07598849271491483,0.07563592670568657
tou,LP1,0,2,1,96,41.896040579408854,0.05654813234803586,0.05494492926932561
tou,LP1,0,2,2,96,27.401526106300313,0.03887077674321926,0.03651636533442572
tou,LP1,0,5,0.1,96,45.62753218028716,0.057961621467204086,0.05791509264444114
tou,LP1,0,5,0.2,96,38.40259426340736,0.05142791356999854,0.05138530130766864
tou,LP1,0,5,0.5,96,30.64264701583168,0.041371543121381346,0.041296132352896385
tou,LP1,0,5,1,96,24.80661566442154,0.033059192933718284,0.03298468087412819
tou,LP1,0,5,2,96,18.76071986859128,0.025028146166945354,0.024577400851681277
tou,LP1,0,20,0.1,96,17.299972673284238,0.017034464814811058,0.016948582640815772
tou,LP1,0,20,0.2,96,14.11656535488659,0.015839779231795515,0.01581141828277888
tou,LP1,0,20,0.5,96,10.688271731376473,0.013997088108532384,0.013985368257569311
tou,LP1,0,20,1,96,9.121516931895327,0.012273831800511267,0.0122638607783729
tou,LP1,0,20,2,96,7.660661753963366,0.01034288578073949,0.010324033088562709
tou,LP1,0.2,0,0.1,96,121.68740089316233,14.73437511524416,13.88493820472482
tou,LP1,0.2,0,0.2,96,114.59828868327976,14.880967141773516,13.950777245306966
tou,LP1,0.2,0,0.5,96,96.10355120177624,17.258487633756413,15.833059663121531
tou,LP1,0.2,0,1,96,71.77121371726692,16.929068944467552,15.208546571093354
tou,LP1,0.2,0,2,96,79.2308310101825,70.23119682568543,69.12864110930259
tou,LP1,0.2,0.1,0.1,96,121.26010447143847,1.3279876304157379,0.32752829029047686
tou,LP1,0.2,0.1,0.2,96,113.87379171444535,1.6017784887728754,0.33266257427582413
tou,LP1,0.2,0.1,0.5,96,93.58874404496194,1.971578717122937,0.28613196769940663
tou,LP1,0.2,0.1,1,96,68.8539275187562,1.8306944856409884,0.21574097431978492
tou,LP1,0.2,0.1,2,96,39.05539686651939,0.1911981096830932,0.14035215230138973
tou,LP1,0.2,0.25,0.1,96,120.43771410258543,1.2898011262730347,0.2768188935764804
tou,LP1,0.2,0.25,0.2,96,112.63604719055371,1.3669870757896594,0.2668044250110564
tou,LP1,0.2,0.25,0.5,96,91.29113158215921,1.3913019526014296,0.20366206172428464
tou,LP1,0.2,0.25,1,96,66.58902977473151,1.0659551170858974,0.13546817205375034
tou,LP1,0.2,0.25,2,96,37.74723440668078,0.07148739680943862,0.06110318913233612
tou,LP1,0.2,0.5,0.1,96,119.06745679421013,1.2395961190861102,0.2652247304961785
tou,LP1,0.2,0.5,0.2,96,110.44146790650791,1.2059958046595172,0.2464921775056858
tou,LP1,0.2,0.5,0.5,96,87.15050256300452,0.9879286217588594,0.1722905509219137
tou,LP1,0.2,0.5,1,96,62.75550030313475,0.542312409243611,0.10599802626918484
tou,LP1,0.2,0.5,2,96,35.79085226625343,0.0547744332541945,0.049609743844285466
tou,LP1,0.2,1,0.1,96,115.65134260526412,0.9542515615667391,0.24215052580411617
tou,LP1,0.2,1,0.2,96,103.76841401857642,0.7525371682374534,0.20123608772264054
tou,LP1,0.2,1,0.5,96,77.71620998874205,0.470559476534625,0.1265723824074788
tou,LP1,0.2,1,1,96,54.71188625301208,0.10962634970055721,0.0735904167248187
tou,LP1,0.2,1,2,96,32.45929557136359,0.046971240579917584,0.04389101575822572
tou,LP1,0.2,2,0.1,96,89.18602058075273,0.22213582259228065,0.13041075496457527
tou,LP1,0.2,2,0.2,96,76.42335923572776,0.14567850999211965,0.10543188533844926
tou,LP1,0.2,2,0.5,96,57.31164410140549,0.07598849271491483,0.07563592670568657
tou,LP1,0.2,2,1,96,41.896040579408854,0.05654813234803586,0.05494492926932561
tou,LP1,0.2,2,2,96,27.401526106300313,0.03887077674321926,0.03651636533442572
tou,LP1,0.2,5,0.1,96,45.62682291813839,0.057969121184960934,0.05791467167696052
tou,LP1,0.2,5,0.2,96,38.40259426340736,0.05142791356999854,0.05138530130766864
tou,LP1,0.2,5,0.5,96,30.64264701583168,0.041371543121381346,0.041296132352896385
tou,LP1,0.2,5,1,96,24.80661566442154,0.033059192933718284,0.03298468087412819
tou,LP1,0.2,5,2,96,18.76071986859128,0.025028146166945354,0.024577400851681277
tou,LP1,0.2,20,0.1,96,17.299972673284238,0.017034464814811058,0.016948582640815772
tou,LP1,0.2,20,0.2,96,14.11656535488659,0.015839779231795515,0.01581141828277888
tou,LP1,0.2,20,0.5,96,10.688271731376473,0.013997088108532384,0.013985368257569311
tou,LP1,0.2,20,1,96,9.121516931895327,0.012273831800511267,0.0122638607783729
tou,LP1,0.2,20,2,96,7.660661753963366,0.01034288578073949,0.010324033088562709
tou,LP1,0.4,0,0.1,96,92.2702545816313,10.196676800844946,9.61396324269961
tou,LP1,0.4,0,0.2,96,88.40275330327549,10.40247356767895,9.698450461484397
tou,LP1,0.4,0,0.5,96,77.41791772878592,12.139095045451747,11.306072381073237
tou,LP1,0.4,0,1,96,61.67979127576726,13.143709002924295,12.048470221283072
tou,LP1,0.4,0,2,96,51.129725091513414,31.34017791733287,30.372087687552092
tou,LP1,0.4,0.1,0.1,96,92.21244149047274,0.8684078958333873,0.2915158950294507
tou,LP1,0.4,0.1,0.2,96,88.14467279124236,1.1654668662516325,0.28561588259724324
tou,LP1,0.4,0.1,0.5,96,76.29920507754761,1.5720769079655623,0.27747652354850033
tou,LP1,0.4,0.1,1,96,59.871780411422584,1.6330607581339442,0.20218247524007577
tou,LP1,0.4,0.1,2,96,39.00258108949302,0.2656265058311654,0.14347355698612038
tou,LP1,0.4,0.25,0.1,96,92.11083097116381,0.9047925955239906,0.2280419992577053
tou,LP1,0.4,0.25,0.2,96,87.76028942756687,1.0372994368397912,0.21662884830705628
tou,LP1,0.4,0.25,0.5,96,75.31858072162156,1.159431270628458,0.1930857008599129
tou,LP1,0.4,0.25,1,96,58.56654056491671,1.1160365379436463,0.13179875461888618
tou,LP1,0.4,0.25,2,96,37.738799341004096,0.08159436724813313,0.061296733373780825
tou,LP1,0.4,0.5,0.1,96,91.73025276365372,0.9089326691016785,0.20938969703057336
tou,LP1,0.4,0.5,0.2,96,86.93002855086395,0.9386160929851541,0.19843333304364555
tou,LP1,0.4,0.5,0.5,96,73.4356673596636,0.9096087586561745,0.1628414335373546
tou,LP1,0.4,0.5,1,96,56.35149540129819,0.7990638727069084,0.10922641321822893
tou,LP1,0.4,0.5,2,96,35.79085226625343,0.0547744332541945,0.049609743844285466
tou,LP1,0.4,1,0.1,96,90.24817129967096,0.8427685849498366,0.194212163246093
tou,LP1,0.4,1,0.2,96,84.63894673090905,0.7875983083910842,0.18074337135064655
tou,LP1,0.4,1,0.5,96,68.78239108606529,0.598757133570974,0.12743512690857262
tou,LP1,0.4,1,1,96,51.76099467114314,0.42657764972073425,0.08536926034280969
tou,LP1,0.4,1,2,96,32.45929557136359,0.046971240579917584,0.04389101575822572
tou,LP1,0.4,2,0.1,96,81.72492849344889,0.33334740855719147,0.1425674603446299
tou,LP1,0.4,2,0.2,96,73.3790001195336,0.24218801314766744,0.11672316591299062
tou,LP1,0.4,2,0.5,96,56.26574281258329,0.15351030689135559,0.08110840923414608
tou,LP1,0.4,2,1,96,41.8850744282749,0.06014465728755022,0.05498387501671167
tou,LP1,0.4,2,2,96,27.401526106300313,0.03887077674321926,0.03651636533442572
tou,LP1,0.4,5,0.1,96,45.30169472205749,0.060162639339997236,0.05801290148600312
tou,LP1,0.4,5,0.2,96,38.40259426340736,0.05142791356999854,0.05138530130766864
tou,LP1,0.4,5,0.5,96,30.64264701583168,0.041371543121381346,0.041296132352896385
tou,LP1,0.4,5,1,96,24.80661566442154,0.033059192933718284,0.03298468087412819
tou,LP1,0.4,5,2,96,18.76071986859128,0.025028146166945354,0.024577400851681277
tou,LP1,0.4,20,0.1,96,17.299972673284238,0.017034464814811058,0.016948582640815772
tou,LP1,0.4,20,0.2,96,14.11656535488659,0.015839779231795515,0.01581141828277888
tou,LP1,0.4,20,0.5,96,10.688271731376473,0.013997088108532384,0.013985368257569311
tou,LP1,0.4,20,1,96,9.121516931895327,0.012273831800511267,0.0122638607783729
tou,LP1,0.4,20,2,96,7.660661753963366,0.01034288578073949,0.010324033088562709
tou,LP1,0.6000000000000001,0,0.1,96,61.53914908132044,8.080760688562076,7.774054622662861
tou,LP1,0.6000000000000001,0,0.2,96,60.84380492884961,7.366604406859719,6.942011773696533
tou,LP1,0.6000000000000001,0,0.5,96,55.409736498029986,7.57040509937869,7.051727959003839
tou,LP1,0.6000000000000001,0,1,96,48.05196422373773,8.629722911933206,7.915753877520781
tou,LP1,0.6000000000000001,0,2,96,35.88572948292593,8.46475456732199,7.6044663262812024
tou,LP1,0.6000000000000001,0.1,0.1,96,61.49890671740431,0.5805646989345726,0.2118543884295074
tou,LP1,0.6000000000000001,0.1,0.2,96,60.758344484146164,0.6944778061496628,0.21645393099786617
tou,LP1,0.6000000000000001,0.1,0.5,96,55.16362565419915,1.0584253414936737,0.24261963481677742
tou,LP1,0.6000000000000001,0.1,1,96,47.156739844399,1.2805949029843935,0.21981614899431628
tou,LP1,0.6000000000000001,0.1,2,96,34.81211906458554,1.3172127399353584,0.19658318221955742
tou,LP1,0.6000000000000001,0.25,0.1,96,61.49483722341935,0.6017292222918207,0.15955072855999156
tou,LP1,0.6000000000000001,0.25,0.2,96,60.56304520669799,0.6580315964927863,0.15381111668170336
tou,LP1,0.6000000000000001,0.25,0.5,96,54.86860659844166,0.8385289884940195,0.15686234320736225
tou,LP1,0.6000000000000001,0.25,1,96,46.610397915579924,0.9082106636619472,0.12828212243400566
tou,LP1,0.6000000000000001,0.25,2,96,34.234585772912794,0.8144977678087021,0.09331988644515567
tou,LP1,0.6000000000000001,0.5,0.1,96,61.48684532073556,0.6200002901460163,0.14548925060723195
tou,LP1,0.6000000000000001,0.5,0.2,96,60.218582334611796,0.6450175171431539,0.1384142830176119
tou,LP1,0.6000000000000001,0.5,0.5,96,54.329897830743604,0.7161237794129021,0.13246692903567522
tou,LP1,0.6000000000000001,0.5,1,96,45.645566150458734,0.6956508543870167,0.10183100053200374
tou,LP1,0.6000000000000001,0.5,2,96,33.29451609116763,0.5329796944018963,0.0677345578076158
tou,LP1,0.6000000000000001,1,0.1,96,61.47102774212902,0.6204500980813267,0.14022654670213897
tou,LP1,0.6000000000000001,1,0.2,96,59.53382501145828,0.619849744432324,0.13261773343924307
tou,LP1,0.6000000000000001,1,0.5,96,53.031363940662196,0.5708805889943753,0.11754510746253152
tou,LP1,0.6000000000000001,1,1,96,43.57525161920918,0.4939643092975481,0.08614525434435945
tou,LP1,0.6000000000000001,1,2,96,31.377751314606947,0.2711561681845384,0.052999002074178604
tou,LP1,0.6000000000000001,2,0.1,96,60.95496340882664,0.52769886650710085,0.12843973020752728
tou,LP1,0.6000000000000001,2,0.2,96,57.82703943408525,0.47710223201299523,0.12109050936325497
tou,LP1,0.6000000000000001,2,0.5,96,49.09265617028583,0.33617056959651404,0.09004458521946455
tou,LP1,0.6000000000000001,2,1,96,38.858102047917455,0.23527933605405338,0.06328616219575878
tou,LP1,0.6000000000000001,2,2,96,27.355943122734985,0.054813178166097404,0.036795208434535175
tou,LP1,0.6000000000000001,5,0.1,96,42.305651734602165,0.11178101659652034,0.06162102785689161
tou,LP1,0.6000000000000001,5,0.2,96,38.19253727328121,0.07072107132351776,0.05190258946135126
tou,LP1,0.6000000000000001,5,0.5,96,30.64264701583168,0.041371543121381346,0.041296132352896385
tou,LP1,0.6000000000000001,5,1,96,24.80661566442154,0.033059192933718284,0.03298468087412819
tou,LP1,0.6000000000000001,5,2,96,18.76071986859128,0.025028146166945354,0.024577400851681277
tou,LP1,0.6000000000000001,20,0.1,96,17.299433942734545,0.017035792278313346,0.01694843530673213
tou,LP1,0.6000000000000001,20,0.2,96,14.11656535488659,0.015839779231795515,0.01581141828277888
tou,LP1,0.6000000000000001,20,0.5,96,10.688271731376473,0.013997088108532384,0.013985368257569311
tou,LP1,0.6000000000000001,20,1,96,9.121516931895327,0.012273831800511267,0.0122638607783729
tou,LP1,0.6000000000000001,20,2,96,7.660661753963366,0.01034288578073949,0.010324033088562709
tou,LP1,0.8,0,0.1,96,30.844603103259313,6.030634449076763,5.930923487494017
tou,LP1,0.8,0,0.2,96,30.76960247649899,4.04066445331243,3.8853496344741507
tou,LP1,0.8,0,0.5,96,29.886349389255184,3.678617139109278,3.437983415417343
tou,LP1,0.8,0,1,96,27.703531272362884,3.7889757214954494,3.5298285985234825
tou,LP1,0.8,0,2,96,24.02598386619781,4.314864101665682,3.957869995025828
tou,LP1,0.8,0.1,0.1,96,30.75123053823864,0.2999609578409503,0.13437452228899605
tou,LP1,0.8,0.1,0.2,96,30.750893514421065,0.2995113992717164,0.15180567834260175
tou,LP1,0.8,0.1,0.5,96,29.843624372367046,0.4758427481817002,0.17192460545417093
tou,LP1,0.8,0.1,1,96,27.631926917846624,0.6535217686813042,0.20155075223182511
tou,LP1,0.8,0.1,2,96,23.67615555935708,0.8255840186838566,0.1997504154659579
tou,LP1,0.8,0.25,0.1,96,30.74938924917664,0.30296562974904856,0.09098209684119868
tou,LP1,0.8,0.25,0.2,96,30.749440956599823,0.2925385579048052,0.09700037033793633
tou,LP1,0.8,0.25,0.5,96,29.798105431792102,0.38948661391889405,0.09902148323291211
tou,LP1,0.8,0.25,1,96,27.557255721368335,0.49395769625757907,0.10620378777996839
tou,LP1,0.8,0.25,2,96,23.53246091811731,0.5883017880687839,0.09414684288844036
tou,LP1,0.8,0.5,0.1,96,30.750174459997435,0.31032891081375097,0.07708825016654518
tou,LP1,0.8,0.5,0.2,96,30.74789172270871,0.30082801574272583,0.07978115126554085
tou,LP1,0.8,0.5,0.5,96,29.72390967720803,0.35745118731374337,0.07750064368098819
tou,LP1,0.8,0.5,1,96,27.43430302397419,0.41926457161538583,0.07843115091377872
tou,LP1,0.8,0.5,2,96,23.305199226335496,0.45410507739053624,0.06414104591353173
tou,LP1,0.8,1,0.1,96,30.750270941235215,0.3099360829958004,0.07110269185584786
tou,LP1,0.8,1,0.2,96,30.74392333584155,0.3099756918074773,0.07275171540851605
tou,LP1,0.8,1,0.5,96,29.575800052747116,0.3348190250105346,0.06947309917738764
tou,LP1,0.8,1,1,96,27.164948852883203,0.35806188903292546,0.06623346430359543
tou,LP1,0.8,1,2,96,22.822783324413237,0.3478253417098609,0.050915481478585094
tou,LP1,0.8,2,0.1,96,30.761641142346473,0.302463409556283,0.06788669242754222
tou,LP1,0.8,2,0.2,96,30.737305445436245,0.3102213311929277,0.07009840955113418
tou,LP1,0.8,2,0.5,96,29.261542412330567,0.30646119163245716,0.0662302366154858
tou,LP1,0.8,2,1,96,26.515681950650414,0.2854401891602055,0.058772564791430476
tou,LP1,0.8,2,2,96,21.788457403492885,0.24698073036919632,0.0430528812854867
tou,LP1,0.8,5,0.1,96,30.488401157786374,0.23225247733893853,0.06086343999262695
tou,LP1,0.8,5,0.2,96,29.811370381472866,0.19469038014248188,0.05817652063815829
tou,LP1,0.8,5,0.5,96,27.09092116571144,0.14970515039381244,0.05055442309927855
tou,LP1,0.8,5,1,96,23.058987388877426,0.10338352643862761,0.0379857427902142
tou,LP1,0.8,5,2,96,18.156090109644392,0.07610604366666202,0.0271332590497958
tou,LP1,0.8,20,0.1,96,16.22427130585806,0.019879631289425076,0.016988763770805358
tou,LP1,0.8,20,0.2,96,13.85992617616621,0.016422345954678376,0.015825351854932442
tou,LP1,0.8,20,0.5,96,10.688271731376473,0.013997088108532384,0.013985368257569311
tou,LP1,0.8,20,1,96,9.121516931895327,0.012273831800511267,0.0122638607783729
tou,LP1,0.8,20,2,96,7.660661753963366,0.01034288578073949,0.010324033088562709
tou,LP1,1,0,0.1,96,3.1038749728724285e-9,7.948994075855002e-13,7.909249105475727e-13
tou,LP1,1,0,0.2,96,5.568500175205856e-8,1.877807904097961e-11,1.8722111633710836e-11
tou,LP1,1,0,0.5,96,2.2274000653170017e-8,7.511272172484069e-12,7.48945299486769e-12
tou,LP1,1,0,1,96,1.1183397821766243e-8,4.6819575106785965e-12,4.629072366418826e-12
tou,LP1,1,0,2,96,5.6184786994740015e-9,2.3606484600678167e-12,2.335463126796868e-12
tou,LP1,1,0.1,0.1,96,3.5142680959594325e-8,3.501567287771421e-8,3.5008416784474004e-8
tou,LP1,1,0.1,0.2,96,1.8443852816780945e-6,1.0108638962522716e-6,5.711291153454541e-7
tou,LP1,1,0.1,0.5,96,9.757626695966445e-6,9.024998437265177e-6,8.86843946224719e-6
tou,LP1,1,0.1,1,96,1.023581044061466e-8,1.2302147124438768e-10,1.2128879331631242e-10
tou,LP1,1,0.1,2,96,5.490764776196384e-9,2.834627509886783e-12,2.7948419834152846e-12
tou,LP1,1,0.25,0.1,96,3.614208872187514e-8,3.60258272326012e-8,3.601743094538421e-8
tou,LP1,1,0.25,0.2,96,2.2793100838741648e-4,2.2624188101900375e-4,2.25928690738759e-4
tou,LP1,1,0.25,0.5,96,6.776153402090058e-7,3.7257856120440476e-7,1.909652482822302e-7
tou,LP1,1,0.25,1,96,9.878137388204136e-7,5.928032464908028e-7,4.1759109667910636e-7
tou,LP1,1,0.25,2,96,1.7040657380860936e-9,3.0605326492305934e-10,3.0597474832851416e-10
tou,LP1,1,0.5,0.1,96,2.606352085828655e-8,2.4757358375446324e-8,2.474978067239478e-8
tou,LP1,1,0.5,0.2,96,2.3203652474876216e-4,2.288948421877422e-4,2.2622936965723472e-4
tou,LP1,1,0.5,0.5,96,6.334425327944631e-5,6.276382358321956e-5,6.194569923143387e-5
tou,LP1,1,0.5,1,96,4.163184046822887e-7,2.2467299355303495e-7,1.456458663059977e-7
tou,LP1,1,0.5,2,96,4.061496802150563e-7,2.6868598885108204e-7,2.0932171831472328e-7
tou,LP1,1,1,0.1,96,9.448261228756559e-5,9.304420375017327e-5,9.164305974947169e-5
tou,LP1,1,1,0.2,96,1.6176131414950848e-4,1.5979317319508122e-4,1.5956584098134776e-4
tou,LP1,1,1,0.5,96,9.271146712741782e-5,9.17490011187562e-5,9.02189431021135e-5
tou,LP1,1,1,1,96,3.0965775492163696e-5,3.0704037031997324e-5,3.0298523737212287e-5
tou,LP1,1,1,2,96,1.9975862580949925e-7,9.156207372204914e-8,2.831949737119181e-8
tou,LP1,1,2,0.1,96,2.50408686575414e-7,1.2267521590136989e-8,7.11602069000203e-9
tou,LP1,1,2,0.2,96,6.02434264650049e-5,5.9454048615677575e-5,5.8979642852014235e-5
tou,LP1,1,2,0.5,96,7.077781657131454e-5,7.000312051824289e-5,6.947624592201316e-5
tou,LP1,1,2,1,96,4.6643500290435666e-5,4.6174677425025304e-5,4.5399219183478574e-5
tou,LP1,1,2,2,96,1.4501130002510566e-5,1.4328575344428398e-5,1.4207084525521512e-5
tou,LP1,1,5,0.1,96,1.1430632737683907e-7,3.901480741721891e-9,2.2595855577287797e-9
tou,LP1,1,5,0.2,96,1.049903944484763e-7,4.386058396233874e-9,3.961887743294215e-9
tou,LP1,1,5,0.5,96,2.53554620245945e-5,2.5027430934141635e-5,2.4806309655330294e-5
tou,LP1,1,5,1,96,3.308370277769096e-5,3.2697131432223654e-5,3.265081308953621e-5
tou,LP1,1,5,2,96,2.3800814371772833e-5,2.352766461995836e-5,2.325078958539988e-5
tou,LP1,1,20,0.1,96,9.998830566695862e-7,9.74275673876531e-7,9.638428658141242e-7
tou,LP1,1,20,0.2,96,4.000332490553046e-8,3.369694133061681e-9,1.5418040867359391e-9
tou,LP1,1,20,0.5,96,3.175000448434907e-8,2.203173209572218e-9,1.3071192428792549e-9
tou,LP1,1,20,1,96,2.4615188366803918e-8,1.468885044039481e-9,1.015084759018626e-9
tou,LP1,1,20,2,96,6.258451211390466e-6,6.180724928999856e-6,6.127638553846139e-6
dynamic,LP1,0,0,0.1,96,158.64800778131894,84.74154126982808,53.11838505857927
dynamic,LP1,0,0,0.2,96,148.91026764978304,84.22668153776189,59.420897117445584
dynamic,LP1,0,0,0.5,96,140.38988478251116,104.42488186801445,82.96279550643796
dynamic,LP1,0,0,1,96,141.38267339980445,126.99020297319962,103.86793700013514
dynamic,LP1,0,0,2,96,140.09109212761805,135.3999876795982,114.02557723992489
dynamic,LP1,0,0.1,0.1,96,148.51661271011344,20.658329874608594,3.16382937358119
dynamic,LP1,0,0.1,0.2,96,136.55183403713085,18.6280110000629,2.824743611181964
dynamic,LP1,0,0.1,0.5,96,107.3556731279003,18.15776240297278,2.8375432483076026
dynamic,LP1,0,0.1,1,96,75.16268172515686,20.48129288063147,2.9382813026243095
dynamic,LP1,0,0.1,2,96,45.93479128191133,21.460067347347493,3.0264399338860857
dynamic,LP1,0,0.25,0.1,96,146.49555356176526,11.346475052146237,1.6870685172364586
dynamic,LP1,0,0.25,0.2,96,133.81064044597647,10.635689400197005,1.5937843499791635
dynamic,LP1,0,0.25,0.5,96,102.65500674449234,10.902621541410745,1.6810931912595761
dynamic,LP1,0,0.25,1,96,70.40450977826033,12.292578282107709,1.7466600174914995
dynamic,LP1,0,0.25,2,96,40.58853546009691,12.133980486609412,1.6772340768505936
dynamic,LP1,0,0.5,0.1,96,142.90837564514854,7.369884066150682,1.0903514719981076
dynamic,LP1,0,0.5,0.2,96,128.6284289271483,7.2250960222900975,1.1018815516606202
dynamic,LP1,0,0.5,0.5,96,95.78435995760728,7.573420009120052,1.1736494403896016
dynamic,LP1,0,0.5,1,96,64.80264394132728,8.128717566641823,1.1567190655815371
dynamic,LP1,0,0.5,2,96,37.13240671718147,7.45461664836126,1.0251324031421452
dynamic,LP1,0,1,0.1,96,128.6810945609141,5.40473070412439,0.8328515365586603
dynamic,LP1,0,1,0.2,96,112.56746177912511,5.399320653611935,0.8338297399971746
dynamic,LP1,0,1,0.5,96,81.5830452529919,5.286020211615841,0.8169334719912962
dynamic,LP1,0,1,1,96,55.25321184822303,5.040936971240252,0.7352964168271341
dynamic,LP1,0,1,2,96,33.07016534134771,4.408890238830467,0.6184682830927626
dynamic,LP1,0,2,0.1,96,90.95732487447317,4.042425433358829,0.6446760293132705
dynamic,LP1,0,2,0.2,96,77.97030346787817,3.7975739566095816,0.6360062828678674
dynamic,LP1,0,2,0.5,96,58.22395933835367,3.2878461282727556,0.5264841838172709
dynamic,LP1,0,2,1,96,42.309220171120025,2.894519990364595,0.43788790277563355
dynamic,LP1,0,2,2,96,27.702024339896862,2.5478567157942518,0.36856285587904375
dynamic,LP1,0,5,0.1,96,51.64620439528611,2.261572648167794,0.37300779487803365
dynamic,LP1,0,5,0.2,96,41.32717446079687,1.9375242543258504,0.3190819111854134
dynamic,LP1,0,5,0.5,96,31.619250055755725,1.5805715168989658,0.26232258607765535
dynamic,LP1,0,5,1,96,25.360805069396953,1.376979387486271,0.2221817717509174
dynamic,LP1,0,5,2,96,18.968688049855185,1.206544196787674,0.18641641658818692
dynamic,LP1,0,20,0.1,96,20.436758685631496,0.8144170175463978,0.13724353208795007
dynamic,LP1,0,20,0.2,96,16.4921615478862,0.6788201669339852,0.11133338358470458
dynamic,LP1,0,20,0.5,96,12.151050406248453,0.5421219069995574,0.08911341053129014
dynamic,LP1,0,20,1,96,9.66497434171232,0.4599719405282438,0.07616796448918259
dynamic,LP1,0,20,2,96,7.904812513943503,0.3951428792402224,0.06558064652506751
dynamic,LP1,0.2,0,0.1,96,130.02347758377596,72.79579512009295,45.25220708301194
dynamic,LP1,0.2,0,0.2,96,122.08877750762139,68.06244475874365,46.728824341470975
dynamic,LP1,0.2,0,0.5,96,114.90164259806828,80.99021536657862,63.40440132384023
dynamic,LP1,0.2,0,1,96,114.62287814645741,98.83844088478345,81.83887896130196
dynamic,LP1,0.2,0,2,96,115.23860081457781,109.87510776549395,92.22960773669348
dynamic,LP1,0.2,0.1,0.1,96,121.16295335645866,19.798785398373028,3.087758147510801
dynamic,LP1,0.2,0.1,0.2,96,113.13165232587745,17.385641282663165,2.6953998709205753
dynamic,LP1,0.2,0.1,0.5,96,93.55993257896624,16.407198392027215,2.5746401453129364
dynamic,LP1,0.2,0.1,1,96,69.54276206592996,17.343400079843683,2.623484907880473
dynamic,LP1,0.2,0.1,2,96,44.473962223353546,19.75000684480564,2.795852921498881
dynamic,LP1,0.2,0.25,0.1,96,119.81412318407047,10.818645407469287,1.6239776840222009
dynamic,LP1,0.2,0.25,0.2,96,111.57136283356141,9.965003639611734,1.4581648679331904
dynamic,LP1,0.2,0.25,0.5,96,90.64850458082762,9.712799983925313,1.4981489353973332
dynamic,LP1,0.2,0.25,1,96,65.99427404394476,10.486091232867741,1.5671786736917785
dynamic,LP1,0.2,0.25,2,96,40.16822028487278,11.674265575908315,1.6252905902230819
dynamic,LP1,0.2,0.5,0.1,96,117.8828238727479,6.852029056523775,1.0268571260354238
dynamic,LP1,0.2,0.5,0.2,96,108.87681629817872,6.4718457925261275,0.9715227708817737
dynamic,LP1,0.2,0.5,0.5,96,86.34000825783134,6.743788694229405,1.0345004684731502
dynamic,LP1,0.2,0.5,1,96,61.92560590293016,7.18850477551221,1.0691470293221057
dynamic,LP1,0.2,0.5,2,96,37.04974162932207,7.371717742446376,1.0242227897113958
dynamic,LP1,0.2,1,0.1,96,111.5180378758734,4.764162500237774,0.7301514969436198
dynamic,LP1,0.2,1,0.2,96,100.7160687728308,4.72916370501428,0.7118246679323864
dynamic,LP1,0.2,1,0.5,96,76.8051214753297,4.770816944375759,0.7405349506461684
dynamic,LP1,0.2,1,1,96,54.4352539495028,4.806391218983728,0.7049129494233738
dynamic,LP1,0.2,1,2,96,33.06641584306274,4.406325118202179,0.6184965256807787
dynamic,LP1,0.2,2,0.1,96,86.01098657546298,3.6479248087231606,0.5587245481332014
dynamic,LP1,0.2,2,0.2,96,75.94157806760164,3.4943941601393846,0.5657463948392628
dynamic,LP1,0.2,2,0.5,96,57.79650393378317,3.2158069674067646,0.5192011983917578
dynamic,LP1,0.2,2,1,96,42.275028935371814,2.8864760610219813,0.43789579193116795
dynamic,LP1,0.2,2,2,96,27.702024339896862,2.5478567157942518,0.36856285587904375
dynamic,LP1,0.2,5,0.1,96,50.64950357544479,2.217480007221139,0.3638099187415038
dynamic,LP1,0.2,5,0.2,96,41.146008015584975,1.9289572684199068,0.3190327808318301
dynamic,LP1,0.2,5,0.5,96,31.611974044626493,1.5803990613578147,0.2619959797635885
dynamic,LP1,0.2,5,1,96,25.360805069396953,1.376979387486271,0.2221817717509174
dynamic,LP1,0.2,5,2,96,18.968688049855185,1.206544196787674,0.18641641658818692
dynamic,LP1,0.2,20,0.1,96,20.36230062290757,0.8120456110804111,0.13617591411179295
dynamic,LP1,0.2,20,0.2,96,16.476398288662093,0.6787133456456217,0.11148058565088019
dynamic,LP1,0.2,20,0.5,96,12.151050406248453,0.5421219069995574,0.08911341053129014
dynamic,LP1,0.2,20,1,96,9.66497434171232,0.4599719405282438,0.07616796448918259
dynamic,LP1,0.2,20,2,96,7.904812513943503,0.3951428792402224,0.06558064652506751
dynamic,LP1,0.4,0,0.1,96,100.25427536435396,59.947913702891356,37.31194605686412
dynamic,LP1,0.4,0,0.2,96,94.53371827489798,53.20608697950031,35.62405441679173
dynamic,LP1,0.4,0,0.5,96,88.32859734729153,58.218499152557904,44.81484703413217
dynamic,LP1,0.4,0,1,96,86.89907501750119,71.11952138687202,57.628568030299
dynamic,LP1,0.4,0,2,96,88.51808712891938,82.5923414724616,69.47917620471621
dynamic,LP1,0.4,0.1,0.1,96,92.98110169129997,18.693747960242295,2.9627717540837764
dynamic,LP1,0.4,0.1,0.2,96,88.12757956501562,15.97668880363154,2.556122346475644
dynamic,LP1,0.4,0.1,0.5,96,76.36063656075514,14.296971745819885,2.2734223015563253
dynamic,LP1,0.4,0.1,1,96,60.857859963789934,14.450318239805153,2.319370087530664
dynamic,LP1,0.4,0.1,2,96,41.64610865585289,16.606185530218834,2.4242227014518605
dynamic,LP1,0.4,0.25,0.1,96,91.84691292921275,10.41410570229391,1.5538546090317644
dynamic,LP1,0.4,0.25,0.2,96,87.11714953640842,9.282288684404334,1.379074532699001
dynamic,LP1,0.4,0.25,0.5,96,74.79921045608462,8.60018872486432,1.2998728909908674
dynamic,LP1,0.4,0.25,1,96,58.46367198529685,8.810261086615844,1.363747792789211
dynamic,LP1,0.4,0.25,2,96,38.69322932283684,10.24683920404093,1.4403147629930928
dynamic,LP1,0.4,0.5,0.1,96,90.84910091586475,6.360301950629146,0.9546479991668149
dynamic,LP1,0.4,0.5,0.2,96,85.8738806695316,5.934731807862285,0.8849203798397102
dynamic,LP1,0.4,0.5,0.5,96,72.71664652832213,5.70902075176143,0.8711710814638951
dynamic,LP1,0.4,0.5,1,96,55.903245435538025,6.007068965362378,0.9258055101134818
dynamic,LP1,0.4,0.5,2,96,36.35056046531141,6.8084698368850125,0.9434194764493942
dynamic,LP1,0.4,1,0.1,96,88.46303509980581,4.146104407899935,0.6099988802817218
dynamic,LP1,0.4,1,0.2,96,82.6915022790567,3.9727622329769305,0.59835483611981
dynamic,LP1,0.4,1,0.5,96,67.89473832489962,4.10513040373959,0.6275586145222392
dynamic,LP1,0.4,1,1,96,51.13932656377592,4.182289383094838,0.6448110620577362
dynamic,LP1,0.4,1,2,96,32.906349152823786,4.311228480834139,0.6135968722098198
dynamic,LP1,0.4,2,0.1,96,76.7289555974484,3.0974478040980067,0.4948480911380763
dynamic,LP1,0.4,2,0.2,96,70.12243322665105,3.0235097105247943,0.4689963524732308
dynamic,LP1,0.4,2,0.5,96,55.68181285349309,2.9481658655917027,0.4705130394107266
dynamic,LP1,0.4,2,1,96,41.81642342721255,2.798367155552561,0.4293428117410032
dynamic,LP1,0.4,2,2,96,27.695103417552065,2.5445851902591587,0.368594806090651
dynamic,LP1,0.4,5,0.1,96,48.03330219112098,2.0819905535332595,0.3345693590843438
dynamic,LP1,0.4,5,0.2,96,40.544428130566466,1.8729562367050605,0.30948559903006434
dynamic,LP1,0.4,5,0.5,96,31.573793488166444,1.5809120809804298,0.26225468536859675
dynamic,LP1,0.4,5,1,96,25.360648477770905,1.3769748450237698,0.22217607489748079
dynamic,LP1,0.4,5,2,96,18.968688049855185,1.206544196787674,0.18641641658818692
dynamic,LP1,0.4,20,0.1,96,20.195287443021098,0.805372820628965,0.1353528411559842
dynamic,LP1,0.4,20,0.2,96,16.427837248375894,0.6782589582919099,0.11077309656305877
dynamic,LP1,0.4,20,0.5,96,12.151050406248453,0.5421219069995574,0.08911341053129014
dynamic,LP1,0.4,20,1,96,9.66497434171232,0.4599719405282438,0.07616796448918259
dynamic,LP1,0.4,20,2,96,7.904812513943503,0.3951428792402224,0.06558064652506751
dynamic,LP1,0.6000000000000001,0,0.1,96,69.31317466052693,45.22919223110322,28.331538038295278
dynamic,LP1,0.6000000000000001,0,0.2,96,65.6573590323795,38.94244346379341,25.607059799991628
dynamic,LP1,0.6000000000000001,0,0.5,96,60.74327754685851,36.832514782543804,27.177990493390734
dynamic,LP1,0.6000000000000001,0,1,96,58.84390196542117,43.330629430690784,34.28106224583813
dynamic,LP1,0.6000000000000001,0,2,96,59.60195890177646,52.73919969687621,43.88950270455327
dynamic,LP1,0.6000000000000001,0.1,0.1,96,63.8832590838202,16.863990394272886,2.7024583255682098
dynamic,LP1,0.6000000000000001,0.1,0.2,96,61.19810686976335,14.198962045598254,2.346115245280857
dynamic,LP1,0.6000000000000001,0.1,0.5,96,55.3829555600443,11.88078585869626,1.9774354598010422
dynamic,LP1,0.6000000000000001,0.1,1,96,47.66466100043468,11.408881611275838,1.9007975747644055
dynamic,LP1,0.6000000000000001,0.1,2,96,36.05724328702541,12.138077461577938,1.9526756276980117
dynamic,LP1,0.6000000000000001,0.25,0.1,96,62.80645922309101,9.949096106657345,1.4981286819944761
dynamic,LP1,0.6000000000000001,0.25,0.2,96,60.41440890760881,8.635627161068829,1.3283331814360686
dynamic,LP1,0.6000000000000001,0.25,0.5,96,54.620749029608795,7.451179415126668,1.1299014972731187
dynamic,LP1,0.6000000000000001,0.25,1,96,46.48535413409106,7.248204271853488,1.1228237302030084
dynamic,LP1,0.6000000000000001,0.25,2,96,34.361657432481444,7.7041864665978705,1.1551620475998743
dynamic,LP1,0.6000000000000001,0.5,0.1,96,62.23253243145684,5.984747259940682,0.8751914538787363
dynamic,LP1,0.6000000000000001,0.5,0.2,96,59.90705251915109,5.40931963352453,0.8119896874125693
dynamic,LP1,0.6000000000000001,0.5,0.5,96,53.88833333183084,4.877183755015252,0.7263284805305076
dynamic,LP1,0.6000000000000001,0.5,1,96,45.324252094786665,4.8563998126537085,0.7490744875046661
dynamic,LP1,0.6000000000000001,0.5,2,96,32.99713662864442,5.24304544385982,0.7835892966719659
dynamic,LP1,0.6000000000000001,1,0.1,96,61.35719330062692,3.6384141267811314,0.5353564569079983
dynamic,LP1,0.6000000000000001,1,0.2,96,58.941423293782265,3.426013792155686,0.5134289150007049
dynamic,LP1,0.6000000000000001,1,0.5,96,52.3381822693179,3.232351371047028,0.49259651718049624
dynamic,LP1,0.6000000000000001,1,1,96,43.17000383448236,3.3718944561932984,0.5172502502986319
dynamic,LP1,0.6000000000000001,1,2,96,30.962322444130088,3.593964515503691,0.5344962890914411
dynamic,LP1,0.6000000000000001,2,0.1,96,58.726453040356404,2.485880937958858,0.370071097078796
dynamic,LP1,0.6000000000000001,2,0.2,96,55.75901170808108,2.382079790365205,0.36507513650955137
dynamic,LP1,0.6000000000000001,2,0.5,96,47.96580287112888,2.371228645035684,0.36053085132261764
dynamic,LP1,0.6000000000000001,2,1,96,38.40256068465185,2.385408473467623,0.3702674767296153
dynamic,LP1,0.6000000000000001,2,2,96,27.21762673515605,2.4031953996782773,0.3524564940753103
dynamic,LP1,0.6000000000000001,5,0.1,96,41.946321687448076,1.749228533397749,0.26576659481125453
dynamic,LP1,0.6000000000000001,5,0.2,96,37.87470172223092,1.6511382735822033,0.25859531335424024
dynamic,LP1,0.6000000000000001,5,0.5,96,31.188117368789904,1.5190329712547914,0.25440149414226726
dynamic,LP1,0.6000000000000001,5,1,96,25.296302612999412,1.3665659195096551,0.2214170481124761
dynamic,LP1,0.6000000000000001,5,2,96,18.968326583571333,1.206489389995131,0.18641578242773335
dynamic,LP1,0.6000000000000001,20,0.1,96,19.668574836903968,0.7896778844261283,0.13030495612262005
dynamic,LP1,0.6000000000000001,20,0.2,96,16.267691715222828,0.6728182117197051,0.10991258210925671
dynamic,LP1,0.6000000000000001,20,0.5,96,12.130224488546766,0.5421082888809685,0.08913749689664281
dynamic,LP1,0.6000000000000001,20,1,96,9.66497434171232,0.4599719405282438,0.07616796448918259
dynamic,LP1,0.6000000000000001,20,2,96,7.904812513943503,0.3951428792402224,0.06558064652506751
dynamic,LP1,0.8,0,0.1,96,36.64574760288702,27.870441169678184,17.898173711399632
dynamic,LP1,0.8,0,0.2,96,34.799627639153904,23.21007722116789,14.920498903167882
dynamic,LP1,0.8,0,0.5,96,32.186014835328535,18.665362691405416,12.466792579113397
dynamic,LP1,0.8,0,1,96,30.401807297639348,18.490806071759533,13.669837829578869
dynamic,LP1,0.8,0,2,96,29.57603126255043,21.967440251030478,17.392437282738843
dynamic,LP1,0.8,0.1,0.1,96,33.56937970015528,12.644813719147944,2.1196604605745204
dynamic,LP1,0.8,0.1,0.2,96,32.45819834387513,11.092941278973326,1.9092941097760157
dynamic,LP1,0.8,0.1,0.5,96,30.332157327155148,8.731756167318412,1.6043753290425347
dynamic,LP1,0.8,0.1,1,96,27.95420889998842,7.644018369299357,1.4513826863557153
dynamic,LP1,0.8,0.1,2,96,24.231891713458786,7.3416466741819475,1.4204228238580914
dynamic,LP1,0.8,0.25,0.1,96,32.78783891954343,8.377762951208638,1.2938469402280028
dynamic,LP1,0.8,0.25,0.2,96,31.792784316506243,7.556510980551503,1.194852958310748
dynamic,LP1,0.8,0.25,0.5,96,29.956852983350373,6.072123785314911,0.9835232704304449
dynamic,LP1,0.8,0.25,1,96,27.59272907117289,5.376263095378798,0.8649145880889274
dynamic,LP1,0.8,0.25,2,96,23.69279755067761,5.175362590796186,0.8397273598149912
dynamic,LP1,0.8,0.5,0.1,96,32.33724714359855,5.381589417903112,0.8028010142540073
dynamic,LP1,0.8,0.5,0.2,96,31.403778727863862,4.974554667035225,0.7490683247413105
dynamic,LP1,0.8,0.5,0.5,96,29.70298014085656,4.1317963741532475,0.6327690637420224
dynamic,LP1,0.8,0.5,1,96,27.31037437288931,3.725589541236019,0.5649507149835837
dynamic,LP1,0.8,0.5,2,96,23.24267671290468,3.62410208140222,0.561411852967625
dynamic,LP1,0.8,1,0.1,96,31.98521774757271,3.162430511911539,0.45364674324475873
dynamic,LP1,0.8,1,0.2,96,31.116307734225135,2.9923722865331155,0.437595679283949
dynamic,LP1,0.8,1,0.5,96,29.425733012750115,2.6343721406850786,0.3911052217142544
dynamic,LP1,0.8,1,1,96,26.944166578133636,2.4385917406067525,0.36316420077407696
dynamic,LP1,0.8,1,2,96,22.66212594057695,2.4281998033228986,0.3745372579997783
dynamic,LP1,0.8,2,0.1,96,31.442941157242267,1.8918683868083408,0.27427595739878047
dynamic,LP1,0.8,2,0.2,96,30.678600559718895,1.8192056702100858,0.2676780930521228
dynamic,LP1,0.8,2,0.5,96,28.899890230486925,1.6788222440030327,0.2497931204766433
dynamic,LP1,0.8,2,1,96,26.169091154636313,1.6161756249995138,0.24629823969130568
dynamic,LP1,0.8,2,2,96,21.585001743578623,1.6859473094152855,0.2586251364767325
dynamic,LP1,0.8,5,0.1,96,29.05353378474152,1.2015989330076604,0.1832803299933331
dynamic,LP1,0.8,5,0.2,96,28.059953123706183,1.1418386239869995,0.1812196433775565
dynamic,LP1,0.8,5,0.5,96,25.7362208628764,1.0809473988244331,0.16656935570571735
dynamic,LP1,0.8,5,1,96,22.51345855262763,1.0798465082846898,0.16675749355485134
dynamic,LP1,0.8,5,2,96,17.94730192750576,1.0639557173791683,0.16657973960363384
dynamic,LP1,0.8,20,0.1,96,16.93450833951523,0.6968619852004241,0.11593522848734901
dynamic,LP1,0.8,20,0.2,96,14.893746146466263,0.6305856969338207,0.10226736391799575
dynamic,LP1,0.8,20,0.5,96,11.884875475118323,0.5319261667706421,0.08744781365928489
dynamic,LP1,0.8,20,1,96,9.622180483355276,0.4593610100790082,0.07610041883408523
dynamic,LP1,0.8,20,2,96,7.902993512190763,0.3950997654075547,0.06549899501920078
dynamic,LP1,1,0,0.1,96,1.1065595063186587e-4,1.1035263834349275e-4,1.085336392877186e-4
dynamic,LP1,1,0,0.2,96,1.1446746352304479e-4,1.141537445529874e-4,1.1227208990532648e-4
dynamic,LP1,1,0,0.5,96,1.1574256472447688e-4,1.1542543727055112e-4,1.1352282100497947e-4
dynamic,LP1,1,0,1,96,1.15499869255866e-4,1.1486703919131938e-4,1.1107065209990935e-4
dynamic,LP1,1,0,2,96,1.1862278489941227e-4,1.173227045506166e-4,1.0952465507214099e-4
dynamic,LP1,1,0.1,0.1,96,1.1101042320377299e-4,1.1071924267873288e-4,1.0893842883328479e-4
dynamic,LP1,1,0.1,0.2,96,1.1158475533808026e-4,1.112856627038525e-4,1.0947385292892836e-4
dynamic,LP1,1,0.1,0.5,96,1.1416110118303632e-4,1.1385105413620736e-4,1.1198373272199994e-4
dynamic,LP1,1,0.1,1,96,1.1549069039603466e-4,1.1486109532410462e-4,1.1107424506550969e-4
dynamic,LP1,1,0.1,2,96,1.196393088733482e-4,1.1833108844787225e-4,1.1047495339627206e-4
dynamic,LP1,1,0.25,0.1,96,1.1097877895864793e-4,1.1070537381938933e-4,1.089845379061308e-4
dynamic,LP1,1,0.25,0.2,96,1.0994122518710578e-4,1.0965590448238521e-4,1.0790227230223723e-4
dynamic,LP1,1,0.25,0.5,96,1.1604726660714329e-4,1.1573621516091391e-4,1.1385195606054673e-4
dynamic,LP1,1,0.25,1,96,1.168644150152281e-4,1.1623204400629276e-4,1.12414066217312e-4
dynamic,LP1,1,0.25,2,96,1.1317151333331585e-4,1.1193820864515282e-4,1.0511817982604237e-4
dynamic,LP1,1,0.5,0.1,96,1.0991916769238236e-4,1.0967280455212054e-4,1.0805005448572422e-4
dynamic,LP1,1,0.5,0.2,96,1.1200285604912555e-4,1.1172670978589466e-4,1.0998873848915362e-4
dynamic,LP1,1,0.5,0.5,96,1.1477996277195479e-4,1.1447889537116007e-4,1.1263723255495896e-4
dynamic,LP1,1,0.5,1,96,1.1768769140175029e-4,1.1705865325046126e-4,1.1323697366291723e-4
dynamic,LP1,1,0.5,2,96,1.109375233784693e-4,1.0973514930139235e-4,1.0340173154207976e-4
dynamic,LP1,1,1,0.1,96,1.0917485342168568e-4,1.089664097817005e-4,1.0747600358697502e-4
dynamic,LP1,1,1,0.2,96,1.091343602648247e-4,1.0888959577728914e-4,1.072777322659901e-4
dynamic,LP1,1,1,0.5,96,1.1494010916571891e-4,1.1465092297188868e-4,1.1284784562483514e-4
dynamic,LP1,1,1,1,96,1.1546729662780912e-4,1.1486510472103881e-4,1.1115888530901975e-4
dynamic,LP1,1,1,2,96,1.2207577542541347e-4,1.2076713532539377e-4,1.1283172520501116e-4
dynamic,LP1,1,2,0.1,96,1.1391755443716168e-4,1.137471531311069e-4,1.1234998312949554e-4
dynamic,LP1,1,2,0.2,96,1.1265777906234891e-4,1.1244228686448069e-4,1.1090277953515103e-4
dynamic,LP1,1,2,0.5,96,1.1626478398375893e-4,1.1599416931226617e-4,1.1424377276752063e-4
dynamic,LP1,1,2,1,96,1.121663623684726e-4,1.116083320581425e-4,1.0808620423002826e-4
dynamic,LP1,1,2,2,96,1.1833221396428367e-4,1.170920681450974e-4,1.0948280898633598e-4
dynamic,LP1,1,5,0.1,96,1.1270748513807597e-4,1.1259779489078452e-4,1.1141332992493955e-4
dynamic,LP1,1,5,0.2,96,1.1499012810482209e-4,1.1483340689039746e-4,1.1347426214438384e-4
dynamic,LP1,1,5,0.5,96,1.1485744734292442e-4,1.1463761756141664e-4,1.1306762522846355e-4
dynamic,LP1,1,5,1,96,1.1985850449510534e-4,1.1933228608631511e-4,1.1577032861525836e-4
dynamic,LP1,1,5,2,96,1.2100584753409175e-4,1.1981477348993236e-4,1.1225475611641186e-4
dynamic,LP1,1,20,0.1,96,1.1794046517860623e-4,1.1783696073706908e-4,1.1554867935156644e-4
dynamic,LP1,1,20,0.2,96,1.1913630937255068e-4,1.1899110333749386e-4,1.1655931946433078e-4
dynamic,LP1,1,20,0.5,96,1.1460380931608759e-4,1.1425930266277979e-4,1.1092150424464578e-4
dynamic,LP1,1,20,1,96,1.1088546322496702e-4,1.1025754505073966e-4,1.0471645865318583e-4
dynamic,LP1,1,20,2,96,1.1911006220967211e-4,1.1772138863455692e-4,1.0781996860247105e-4
tou,LP1,0,0,0.1,120,149.4162895022454,18.359329371832544,17.159721769827637
tou,LP1,0,0,0.2,120,138.5243412449774,18.926012748444005,17.62931989750247
tou,LP1,0,0,0.5,120,111.2140538778415,22.347737686104818,20.555872146116222
tou,LP1,0,0,1,120,80.49996920016666,29.241253927578015,27.037192095742164
tou,LP1,0,0,2,120,110.47487586626302,107.66686759125778,106.6822973554307
tou,LP1,0,0.1,0.1,120,148.82570627548856,1.8602144522224042,0.37178400656091704
tou,LP1,0,0.1,0.2,120,137.51390731383972,2.2548087370475036,0.3689411210577996
tou,LP1,0,0.1,0.5,120,107.75877431517887,2.490983851852034,0.26079216775332736
tou,LP1,0,0.1,1,120,75.16754502593761,1.3534499738479406,0.21870375878743728
tou,LP1,0,0.1,2,120,39.31858176395032,0.22898099172919842,0.15496552776402897
tou,LP1,0,0.25,0.1,120,148.01979795177297,1.6968797200227221,0.3292883997470852
tou,LP1,0,0.25,0.2,120,136.10642454152878,1.847420195669616,0.30902092040898327
tou,LP1,0,0.25,0.5,120,105.09750740876268,1.7151098065584853,0.20824506839916818
tou,LP1,0,0.25,1,120,72.44215383926515,0.6270074975651085,0.12372229951619329
tou,LP1,0,0.25,2,120,38.34117378673842,0.07212413318488184,0.058877448738930235
tou,LP1,0,0.5,0.1,120,146.6589194323925,1.589573350953128,0.3194546128636613
tou,LP1,0,0.5,0.2,120,133.29704165606802,1.509965458295784,0.2872568807028144
tou,LP1,0,0.5,0.5,120,100.490785415069,1.2389448700487493,0.18410344085274985
tou,LP1,0,0.5,1,120,68.1518800453081,0.23173136040709572,0.09280595709177095
tou,LP1,0,0.5,2,120,36.85921924307454,0.05722925477725338,0.04909629783301095
tou,LP1,0,1,0.1,120,142.4609402196068,1.2547854740364348,0.2914273755360245
tou,LP1,0,1,0.2,120,125.25938189122417,0.9939260095201257,0.23376091947280322
tou,LP1,0,1,0.5,120,90.64494357669044,0.6579433763734729,0.1421634512637647
tou,LP1,0,1,1,120,60.044793973742074,0.0859598056528728,0.07866143660263226
tou,LP1,0,1,2,120,34.24511356428057,0.047102660926290466,0.04355875632216953
tou,LP1,0,2,0.1,120,114.63626331517474,0.30281213489923686,0.16927079807784542
tou,LP1,0,2,0.2,120,96.338128684515,0.20492073832661267,0.13530213214496656
tou,LP1,0,2,0.5,120,69.59758278643642,0.09240406315399671,0.09123442145081709
tou,LP1,0,2,1,120,48.25913350040093,0.06636698737474298,0.06298619716097413
tou,LP1,0,2,2,120,30.02239702805799,0.04297990310923987,0.039330718559579175
tou,LP1,0,5,0.1,120,57.80302024761779,0.07726981604559094,0.07721825250996384
tou,LP1,0,5,0.2,120,49.44813374332604,0.06725325987226694,0.06722907031796824
tou,LP1,0,5,0.5,120,38.713940182029084,0.05243109644028233,0.05231149803296818
tou,LP1,0,5,1,120,30.593938985166435,0.04058807135797189,0.0403360314387575
tou,LP1,0,5,2,120,21.988201220900347,0.029835880324370838,0.02868224775311953
tou,LP1,0,20,0.1,120,21.677666090560788,0.023317974468257917,0.02323164347184085
tou,LP1,0,20,0.2,120,17.68230097434176,0.021462317036016552,0.021416262156972385
tou,LP1,0,20,0.5,120,13.761726903352528,0.018548407582004593,0.01853888279201562
tou,LP1,0,20,1,120,11.71066453653117,0.015948500689850084,0.015936512290465357
tou,LP1,0,20,2,120,9.678485045528921,0.01310777412050175,0.013077874519614764
tou,LP1,0.2,0,0.1,120,121.68740089316246,14.734375115244154,13.884938204724817
tou,LP1,0.2,0,0.2,120,114.5982886832791,14.880967141773473,13.950777245306947
tou,LP1,0.2,0,0.5,120,96.10355120177626,17.258487633756374,15.833059663121489
tou,LP1,0.2,0,1,120,71.7712137172669,16.929068944467538,15.208546571093326
tou,LP1,0.2,0,2,120,79.23083101016954,70.23119682567413,69.12864110929169
tou,LP1,0.2,0.1,0.1,120,121.4014994306325,1.3512518974005217,0.3130444734842704
tou,LP1,0.2,0.1,0.2,120,114.09605602809972,1.700622348241203,0.3136260005425895
tou,LP1,0.2,0.1,0.5,120,93.98851922816186,2.1971557991505155,0.2690997592660425
tou,LP1,0.2,0.1,1,120,69.28151220517739,2.1386558533365645,0.22051230509410766
tou,LP1,0.2,0.1,2,120,39.31858176395032,0.22898099172919842,0.15496552776402897
tou,LP1,0.2,0.25,0.1,120,120.82132075224237,1.3036930499113788,0.2666504459509314
tou,LP1,0.2,0.25,0.2,120,113.21443962951453,1.4482171490721858,0.25501212137800294
tou,LP1,0.2,0.25,0.5,120,92.38475229659502,1.5782984300744511,0.19606693631760105
tou,LP1,0.2,0.25,1,120,67.64242388629951,1.3069112085418895,0.1334714343651762
tou,LP1,0.2,0.25,2,120,38.34117378673842,0.07212413318488184,0.058877448738930235
tou,LP1,0.2,0.5,0.1,120,119.82293427428225,1.2857604260600004,0.2591035430700352
tou,LP1,0.2,0.5,0.2,120,111.69541351400449,1.2986945583168146,0.24329374072745139
tou,LP1,0.2,0.5,0.5,120,89.54208535170102,1.1940091232231855,0.17618090368105455
tou,LP1,0.2,0.5,1,120,64.92592357583769,0.798407195660704,0.1084900132949924
tou,LP1,0.2,0.5,2,120,36.85921924307454,0.05722925477725338,0.04909629783301095
tou,LP1,0.2,1,0.1,120,117.83410142607657,1.174996182399543,0.2501458110048244
tou,LP1,0.2,1,0.2,120,108.02446031148843,1.0307163337019067,0.22308628099042155
tou,LP1,0.2,1,0.5,120,83.16452895656246,0.7560492009367791,0.14565524441190936
tou,LP1,0.2,1,1,120,59.18934861376356,0.2718122564866352,0.08691944264955405
tou,LP1,0.2,1,2,120,34.24511356428057,0.047102660926290466,0.04355875632216953
tou,LP1,0.2,2,0.1,120,107.03324600764066,0.45554455710234504,0.18316887808275684
tou,LP1,0.2,2,0.2,120,92.96100802623666,0.3191684096204756,0.14459221893833754
tou,LP1,0.2,2,0.5,120,68.66693067130119,0.1974771791995409,0.09554595097143163
tou,LP1,0.2,2,1,120,48.25913350040093,0.06636698737474298,0.06298619716097413
tou,LP1,0.2,2,2,120,30.02239702805799,0.04297990310923987,0.039330718559579175
tou,LP1,0.2,5,0.1,120,57.79706013059098,0.07755225465874717,0.0772160435588403
tou,LP1,0.2,5,0.2,120,49.44813374332604,0.06725325987226694,0.06722907031796824
tou,LP1,0.2,5,0.5,120,38.713940182029084,0.05243109644028233,0.05231149803296818
tou,LP1,0.2,5,1,120,30.593938985166435,0.04058807135797189,0.0403360314387575
tou,LP1,0.2,5,2,120,21.988201220900347,0.029835880324370838,0.02868224775311953
tou,LP1,0.2,20,0.1,120,21.677666090560788,0.023317974468257917,0.02323164347184085
tou,LP1,0.2,20,0.2,120,17.68230097434176,0.021462317036016552,0.021416262156972385
tou,LP1,0.2,20,0.5,120,13.761726903352528,0.018548407582004593,0.01853888279201562
tou,LP1,0.2,20,1,120,11.71066453653117,0.015948500689850084,0.015936512290465357
tou,LP1,0.2,20,2,120,9.678485045528921,0.01310777412050175,0.013077874519614764
tou,LP1,0.4,0,0.1,120,92.27025458162952,10.196676800844987,9.613963242699688
tou,LP1,0.4,0,0.2,120,88.40275330327515,10.40247356767897,9.698450461484502
tou,LP1,0.4,0,0.5,120,77.41791772878572,12.139095045451752,11.30607238107325
tou,LP1,0.4,0,1,120,61.67979127576727,13.143709002924298,12.048470221283075
tou,LP1,0.4,0,2,120,51.12972509151339,31.34017791733283,30.372087687552053
tou,LP1,0.4,0.1,0.1,120,92.22327677114598,0.853831892547496,0.271418499313613
tou,LP1,0.4,0.1,0.2,120,88.20735206213016,1.2216706696044917,0.2663917892766568
tou,LP1,0.4,0.1,0.5,120,76.47696337306824,1.7560759247060271,0.2585488256261987
tou,LP1,0.4,0.1,1,120,60.10841193978461,1.8505171950343624,0.18742884672681573
tou,LP1,0.4,0.1,2,120,39.24259722796362,0.33118391513556916,0.15242347022269012
tou,LP1,0.4,0.25,0.1,120,92.16810944162776,0.8943252547758375,0.21766033393579545
tou,LP1,0.4,0.25,0.2,120,87.95379051301347,1.0823759762999932,0.20861632782900982
tou,LP1,0.4,0.25,0.5,120,75.78398262256687,1.2895185897536887,0.18184790449809435
tou,LP1,0.4,0.25,1,120,59.182808566960894,1.2712059513227953,0.11927403642995615
tou,LP1,0.4,0.25,2,120,38.3167280303799,0.10587353674994425,0.059368299455988746
tou,LP1,0.4,0.5,0.1,120,91.96559899379429,0.9245559228858383,0.20503604910785406
tou,LP1,0.4,0.5,0.2,120,87.42197664976143,0.9950497158493145,0.19425049257418078
tou,LP1,0.4,0.5,0.5,120,74.52418509956074,1.0280119962600194,0.1631935607057564
tou,LP1,0.4,0.5,1,120,57.586286043223765,0.9455456013690365,0.1082338031781683
tou,LP1,0.4,0.5,2,120,36.85921924307454,0.05722925477725338,0.04909629783301095
tou,LP1,0.4,1,0.1,120,91.1730840225594,0.8937824092479731,0.1935909302018024
tou,LP1,0.4,1,0.2,120,86.02802987003092,0.8829225702555522,0.18302967111321808
tou,LP1,0.4,1,0.5,120,71.55074265522813,0.7925683484547259,0.13968016855653032
tou,LP1,0.4,1,1,120,54.38776377183667,0.6323092155558152,0.09301866401222422
tou,LP1,0.4,1,2,120,34.24511356428057,0.047102660926290466,0.04355875632216953
tou,LP1,0.4,2,0.1,120,88.35862864739327,0.7212351690980285,0.180450520797353
tou,LP1,0.4,2,0.2,120,81.30528320297415,0.5739410383671052,0.1570187072990885
tou,LP1,0.4,2,0.5,120,63.62531154766183,0.3712287754206001,0.10493823625583024
tou,LP1,0.4,2,1,120,47.45985182794527,0.18475389617164917,0.06747083936515713
tou,LP1,0.4,2,2,120,30.02239702805799,0.04297990310923987,0.039330718559579175
tou,LP1,0.4,5,0.1,120,56.756652510523836,0.10336037995101943,0.0781168851924645
tou,LP1,0.4,5,0.2,120,49.44813374332604,0.06725325987226694,0.06722907031796824
tou,LP1,0.4,5,0.5,120,38.713940182029084,0.05243109644028233,0.05231149803296818
tou,LP1,0.4,5,1,120,30.593938985166435,0.04058807135797189,0.0403360314387575
tou,LP1,0.4,5,2,120,21.988201220900347,0.029835880324370838,0.02868224775311953
tou,LP1,0.4,20,0.1,120,21.677666090560788,0.023317974468257917,0.02323164347184085
tou,LP1,0.4,20,0.2,120,17.68230097434176,0.021462317036016552,0.021416262156972385
tou,LP1,0.4,20,0.5,120,13.761726903352528,0.018548407582004593,0.01853888279201562
tou,LP1,0.4,20,1,120,11.71066453653117,0.015948500689850084,0.015936512290465357
tou,LP1,0.4,20,2,120,9.678485045528921,0.01310777412050175,0.013077874519614764
tou,LP1,0.6000000000000001,0,0.1,120,61.539149081319565,8.08076068856212,7.774054622662906
tou,LP1,0.6000000000000001,0,0.2,120,60.843804928850645,7.3666044068597545,6.942011773696522
tou,LP1,0.6000000000000001,0,0.5,120,55.40973649802981,7.570405099378694,7.051727959003843
tou,LP1,0.6000000000000001,0,1,120,48.05196422373758,8.629722911933191,7.915753877520766
tou,LP1,0.6000000000000001,0,2,120,35.88572948292593,8.46475456732199,7.6044663262812024
tou,LP1,0.6000000000000001,0.1,0.1,120,61.49986017087456,0.5677654512864594,0.19613519836553892
tou,LP1,0.6000000000000001,0.1,0.2,120,60.79283796537417,0.7114270500325064,0.19950760316500693
tou,LP1,0.6000000000000001,0.1,0.5,120,55.21788037029308,1.1501341863296954,0.22434638006551158
tou,LP1,0.6000000000000001,0.1,1,120,47.255975558725694,1.423023637001961,0.2031010769362339
tou,LP1,0.6000000000000001,0.1,2,120,34.916792330948326,1.4935231959751514,0.18620708118294751
tou,LP1,0.6000000000000001,0.25,0.1,120,61.49573691326984,0.5964949968959473,0.15122413342547597
tou,LP1,0.6000000000000001,0.25,0.2,120,60.653904348204485,0.6698979187393919,0.14806537089614868
tou,LP1,0.6000000000000001,0.25,0.5,120,55.00556290412059,0.9019235008243249,0.14757644626277772
tou,LP1,0.6000000000000001,0.25,1,120,46.86521233851278,1.013607697135308,0.121556946610157
tou,LP1,0.6000000000000001,0.25,2,120,34.500877707238295,0.9447933993375751,0.08970661601204839
tou,LP1,0.6000000000000001,0.5,0.1,120,61.492092264577316,0.6176947354911251,0.13923666425001308
tou,LP1,0.6000000000000001,0.5,0.2,120,60.410263347084324,0.6520304550583652,0.13333204844018473
tou,LP1,0.6000000000000001,0.5,0.5,120,54.63837941798204,0.7738003699468332,0.1265183965152738
tou,LP1,0.6000000000000001,0.5,1,120,46.192376466300836,0.7891486887821813,0.09803343564020166
tou,LP1,0.6000000000000001,0.5,2,120,33.82121514389625,0.6534570259715123,0.06673567183610428
tou,LP1,0.6000000000000001,1,0.1,120,61.47732675626731,0.6275226664669786,0.13598176323867203
tou,LP1,0.6000000000000001,1,0.2,120,59.91142469896922,0.6429921733355097,0.12955669878805343
tou,LP1,0.6000000000000001,1,0.5,120,53.79829118583537,0.6498622567515758,0.11821011517222448
tou,LP1,0.6000000000000001,1,1,120,44.771042704541685,0.5970044044002673,0.08809042013642465
tou,LP1,0.6000000000000001,1,2,120,32.46296742015923,0.39920316730565014,0.05424494372176394
tou,LP1,0.6000000000000001,2,0.1,120,61.39575222253961,0.59915397919208635,0.13283673957895475
tou,LP1,0.6000000000000001,2,0.2,120,58.917914866829356,0.5877331919759344,0.1250584026285818
tou,LP1,0.6000000000000001,2,0.5,120,51.60946823071605,0.4871089291187145,0.10373649536236568
tou,LP1,0.6000000000000001,2,1,120,41.5824374674932,0.3780155770198239,0.07282343301780407
tou,LP1,0.6000000000000001,2,2,120,29.594674209604324,0.135906159118569,0.04345970479012281
tou,LP1,0.6000000000000001,5,0.1,120,51.71422622081354,0.21132985038143365,0.08563479889676213
tou,LP1,0.6000000000000001,5,0.2,120,47.67620177574203,0.13664880724028994,0.07286240873298867
tou,LP1,0.6000000000000001,5,0.5,120,38.5352514994089,0.08196828596392579,0.054120852436504635
tou,LP1,0.6000000000000001,5,1,120,30.585779059009173,0.0425860676041882,0.04034705283248385
tou,LP1,0.6000000000000001,5,2,120,21.988201220900347,0.029835880324370838,0.02868224775311953
tou,LP1,0.6000000000000001,20,0.1,120,21.662479138820043,0.02345470624056167,0.023222492503587534
tou,LP1,0.6000000000000001,20,0.2,120,17.68230097434176,0.021462317036016552,0.021416262156972385
tou,LP1,0.6000000000000001,20,0.5,120,13.761726903352528,0.018548407582004593,0.01853888279201562
tou,LP1,0.6000000000000001,20,1,120,11.71066453653117,0.015948500689850084,0.015936512290465357
tou,LP1,0.6000000000000001,20,2,120,9.678485045528921,0.01310777412050175,0.013077874519614764
tou,LP1,0.8,0,0.1,120,30.844603103259733,6.030634449076764,5.930923487494026
tou,LP1,0.8,0,0.2,120,30.76960247649906,4.040664453312448,3.885349634474171
tou,LP1,0.8,0,0.5,120,29.886349389254796,3.6786171391092735,3.437983415417351
tou,LP1,0.8,0,1,120,27.703531272362746,3.7889757214954494,3.5298285985234883
tou,LP1,0.8,0,2,120,24.02598386619781,4.314864101665692,3.9578699950258374
tou,LP1,0.8,0.1,0.1,120,30.75166556286015,0.29239129058179525,0.1228928000742479
tou,LP1,0.8,0.1,0.2,120,30.751131012599544,0.29432808971230817,0.13809721254546525
tou,LP1,0.8,0.1,0.5,120,29.852036410703924,0.5021956657241411,0.1555163204265017
tou,LP1,0.8,0.1,1,120,27.64581402552,0.6963586714414496,0.1821489801054378
tou,LP1,0.8,0.1,2,120,23.702735562463673,0.9016154135797003,0.18183331669078934
tou,LP1,0.8,0.25,0.1,120,30.7497364377319,0.29994358570040713,0.085235671340344
tou,LP1,0.8,0.25,0.2,120,30.75002300684672,0.2864390345495809,0.09054323454868016
tou,LP1,0.8,0.25,0.5,120,29.81878052228904,0.40762497372843015,0.0918722584301669
tou,LP1,0.8,0.25,1,120,27.590816841092824,0.5385362383441916,0.09855969166521786
tou,LP1,0.8,0.25,2,120,23.594513010089226,0.6559948760946569,0.08737501888099741
tou,LP1,0.8,0.5,0.1,120,30.749722713271037,0.30944612678551775,0.0739043179540668
tou,LP1,0.8,0.5,0.2,120,30.748357722270235,0.2982077303982554,0.0756179962416367
tou,LP1,0.8,0.5,0.5,120,29.765299326155883,0.3720328279987528,0.0743583757394611
tou,LP1,0.8,0.5,1,120,27.50278115055692,0.4509618383626794,0.07378819480285262
tou,LP1,0.8,0.5,2,120,23.432606199683175,0.506803390714384,0.06077840571127685
tou,LP1,0.8,1,0.1,120,30.75100612914935,0.31332131935512714,0.06891959211625659
tou,LP1,0.8,1,0.2,120,30.746564246302057,0.30881562447263655,0.06962345708383114
tou,LP1,0.8,1,0.5,120,29.6572402637003,0.3456372539479501,0.06676271343892116
tou,LP1,0.8,1,1,120,27.319189447033224,0.3869001495410182,0.06325919692072215
tou,LP1,0.8,1,2,120,23.096188464843483,0.39457399652189323,0.04901670322666912
tou,LP1,0.8,2,0.1,120,30.75143732289219,0.3093482562218638,0.06656397129513944
tou,LP1,0.8,2,0.2,120,30.73942382118327,0.31378457564848194,0.06797483076063132
tou,LP1,0.8,2,0.5,120,29.44476848555481,0.32773794554589863,0.06457591010267683
tou,LP1,0.8,2,1,120,26.899145640874245,0.32493112028837723,0.059105051773094136
tou,LP1,0.8,2,2,120,22.386271428124736,0.29832975184881533,0.044005907138887856
tou,LP1,0.8,5,0.1,120,30.743045403718273,0.2927415324316537,0.06312532099812197
tou,LP1,0.8,5,0.2,120,30.579024830414475,0.2803235708722331,0.06404445666005203
tou,LP1,0.8,5,0.5,120,28.492885045375374,0.2510165702221288,0.05829191037800266
tou,LP1,0.8,5,1,120,25.051794589045148,0.19867843691757744,0.046760188440858365
tou,LP1,0.8,5,2,120,19.932206461975845,0.14466564204634455,0.0330531855910412
tou,LP1,0.8,20,0.1,120,19.222388387114115,0.043881501389438464,0.024151770704138154
tou,LP1,0.8,20,0.2,120,16.9766404170796,0.02445213425482806,0.0214686443027163
tou,LP1,0.8,20,0.5,120,13.761680245604149,0.018548372271377518,0.018538846774785227
tou,LP1,0.8,20,1,120,11.71066453653117,0.015948500689850084,0.015936512290465357
tou,LP1,0.8,20,2,120,9.678485045528921,0.01310777412050175,0.013077874519614764
tou,LP1,1,0,0.1,120,3.1038750261022995e-9,7.94939963677724e-13,7.909249105475727e-13
tou,LP1,1,0,0.2,120,5.5685004545993103e-8,1.8778241265348507e-11,1.8722436082448625e-11
tou,LP1,1,0,0.5,120,2.227400196680719e-8,7.51106939202295e-12,7.48945299486769e-12
tou,LP1,1,0,1,120,1.1183397120272585e-8,4.682038622863044e-12,4.628747917681036e-12
tou,LP1,1,0,2,120,5.618478743832228e-9,2.3606484600678167e-12,2.335463126796868e-12
tou,LP1,1,0.1,0.1,120,3.631471556271588e-8,3.619489941655599e-8,3.618583865832401e-8
tou,LP1,1,0.1,0.2,120,8.602321347286674e-5,8.418625923968303e-5,8.24221058178591e-5
tou,LP1,1,0.1,0.5,120,1.3746708875700827e-7,1.3681297961604441e-7,1.3434573437485363e-7
tou,LP1,1,0.1,1,120,1.0753548359361803e-8,1.9385288909362817e-10,1.9210792266960912e-10
tou,LP1,1,0.1,2,120,5.526465814022555e-9,2.9306237801803996e-12,2.9075473637050856e-12
tou,LP1,1,0.25,0.1,120,3.3835634012068435e-8,3.3703100219338e-8,3.3695584080434446e-8
tou,LP1,1,0.25,0.2,120,2.3740051882999665e-4,2.3495005826634674e-4,2.3406576111402919e-4
tou,LP1,1,0.25,0.5,120,3.549518939123993e-5,3.479500613102258e-5,3.4058373460747284e-5
tou,LP1,1,0.25,1,120,1.0345647666069506e-5,1.008786399749691e-5,9.780595279427298e-6
tou,LP1,1,0.25,2,120,5.183901368478263e-9,2.7330121930155664e-10,2.7282156239882633e-10
tou,LP1,1,0.5,0.1,120,2.2637944934401536e-8,2.246724446263267e-8,2.245592412172244e-8
tou,LP1,1,0.5,0.2,120,1.9444726394986772e-5,1.9029407536082948e-5,1.8820509048898733e-5
tou,LP1,1,0.5,0.5,120,8.555362348086614e-5,8.437124916280924e-5,8.3426663333184e-5
tou,LP1,1,0.5,1,120,2.5606508573671188e-5,2.5277864031273072e-5,2.4948166315731385e-5
tou,LP1,1,0.5,2,120,7.79478130145918e-6,7.701819414477153e-6,7.524216490896748e-6
tou,LP1,1,1,0.1,120,2.070750405682337e-4,2.034995494118313e-4,2.0207206894509277e-4
tou,LP1,1,1,0.2,120,1.420394545922694e-4,1.3987126927332352e-4,1.389184445619753e-4
tou,LP1,1,1,0.5,120,1.3999999203564716e-5,1.3753016052390681e-5,1.3538702375975901e-5
tou,LP1,1,1,1,120,4.0534294109367233e-05,4.017857055466419e-5,3.954597463336619e-5
tou,LP1,1,1,2,120,6.392378698082511e-6,6.267635381898219e-6,6.136123712885259e-6
tou,LP1,1,2,0.1,120,2.2765061239805334e-5,2.246755246579395e-5,2.235511723940847e-5
tou,LP1,1,2,0.2,120,1.366393814537491e-4,1.3483138704779605e-4,1.3381677543975294e-4
tou,LP1,1,2,0.5,120,2.558070180422844e-6,2.4276514061714443e-6,2.3716529115224093e-6
tou,LP1,1,2,1,120,8.180539960799635e-6,7.972474776465658e-6,7.87841740327174e-6
tou,LP1,1,2,2,120,2.2828870369812984e-5,2.2425854528595467e-5,2.2356375670657076e-5
tou,LP1,1,5,0.1,120,1.1159196870591678e-7,7.2781753835305895e-9,4.601587340494422e-9
tou,LP1,1,5,0.2,120,9.448197013226056e-8,4.210137221092608e-9,3.2497068658570132e-9
tou,LP1,1,5,0.5,120,5.3870819903213944e-5,5.3019981287726025e-5,5.262826670614299e-5
tou,LP1,1,5,1,120,3.0079729398945368e-5,2.9611706469678458e-5,2.9476432647823573e-5
tou,LP1,1,5,2,120,2.072843897189414e-6,2.020024592974881e-6,2.002753797567171e-6
tou,LP1,1,20,0.1,120,1.21042344161786e-7,8.114753358359926e-8,7.864710356328294e-8
tou,LP1,1,20,0.2,120,3.770523612670571e-8,4.53941935284165e-9,2.510254165872227e-9
tou,LP1,1,20,0.5,120,2.7413795731173978e-8,1.4491772571403642e-9,1.346148438786873e-9
tou,LP1,1,20,1,120,1.8359273360898996e-6,1.8028920274501422e-6,1.7913311692433197e-6
tou,LP1,1,20,2,120,3.805652233826048e-4,2.6697792620426606e-4,2.6680823998274364e-4
dynamic,LP1,0,0,0.1,120,158.64800778131954,84.74154126982815,53.11838505857934
dynamic,LP1,0,0,0.2,120,148.91026764978227,84.22668153776145,59.420897117445286
dynamic,LP1,0,0,0.5,120,140.38988478251176,104.42488186801495,82.96279550643833
dynamic,LP1,0,0,1,120,141.38267339980453,126.99020297319969,103.86793700013519
dynamic,LP1,0,0,2,120,140.09109212757988,135.39998767956195,114.0255772398926
dynamic,LP1,0,0.1,0.1,120,149.03279155983518,25.03141486204387,3.855514214364073
dynamic,LP1,0,0.1,0.2,120,137.20286246142896,22.343960202927004,3.413856404443104
dynamic,LP1,0,0.1,0.5,120,108.62692537594604,21.68493978563769,3.3930857985486376
dynamic,LP1,0,0.1,1,120,76.75965360231773,24.260189192829596,3.4675017747641634
dynamic,LP1,0,0.1,2,120,48.48018794044779,25.70817303931736,3.6111808194262065
dynamic,LP1,0,0.25,0.1,120,147.3730623209076,14.150170396329193,2.077353044519671
dynamic,LP1,0,0.25,0.2,120,135.06580032718716,13.051648296100181,1.9187331436433057
dynamic,LP1,0,0.25,0.5,120,104.65795200098202,13.053808324531252,2.0032702115095655
dynamic,LP1,0,0.25,1,120,72.2485468252502,14.784891554296525,2.0939250357920662
dynamic,LP1,0,0.25,2,120,42.310517563993365,15.024763952899143,2.073140167198578
dynamic,LP1,0,0.5,0.1,120,145.05412929075706,9.000205241891123,1.3312353032256288
dynamic,LP1,0,0.5,0.2,120,131.66596852135459,8.60941248088435,1.292678413716074
dynamic,LP1,0,0.5,0.5,120,99.64691289802616,9.00627508919805,1.3837261496696736
dynamic,LP1,0,0.5,1,120,67.8281613720018,9.991612140527401,1.4085535119491026
dynamic,LP1,0,0.5,2,120,38.812025202086815,9.465352922182694,1.2905223285088263
dynamic,LP1,0,1,0.1,120,138.138151821611,6.194853524436579,0.9353812907964014
dynamic,LP1,0,1,0.2,120,122.57629752297913,6.263010566223704,0.9371215682881237
dynamic,LP1,0,1,0.5,120,89.56195732167245,6.375035845907108,0.9796188888788407
dynamic,LP1,0,1,1,120,60.39592580882675,6.476321879171856,0.9218168071959482
dynamic,LP1,0,1,2,120,35.15166563137668,5.713629548931397,0.7849640197286131
dynamic,LP1,0,2,0.1,120,110.18163212428702,4.731267938807546,0.7060113739402261
dynamic,LP1,0,2,0.2,120,95.59142392736698,4.591872472756727,0.7170771296503217
dynamic,LP1,0,2,0.5,120,69.8444912563034,4.274135286535302,0.6547554580557412
dynamic,LP1,0,2,1,120,48.71186139397494,3.853272529108783,0.5620277998356074
dynamic,LP1,0,2,2,120,30.447299305336205,3.3480357157868053,0.4749581848884907
dynamic,LP1,0,5,0.1,120,63.315588422855186,2.864091395244295,0.4504786100296317
dynamic,LP1,0,5,0.2,120,51.75879984992246,2.5033859846650914,0.3942613050634528
dynamic,LP1,0,5,0.5,120,39.82329060618961,2.072423280001679,0.3253890554490634
dynamic,LP1,0,5,1,120,31.061785502570036,1.8221616791899375,0.28034936619019707
dynamic,LP1,0,5,2,120,22.203938827916563,1.6085725737035454,0.23687484566472058
dynamic,LP1,0,20,0.1,120,25.471825127869593,1.0352285062594442,0.16491540246651518
dynamic,LP1,0,20,0.2,120,20.5153083957066,0.8661011059479551,0.13728635102078182
dynamic,LP1,0,20,0.5,120,15.071446541092493,0.694003390039934,0.10940192421866737
dynamic,LP1,0,20,1,120,12.188709872390719,0.5980563943954391,0.09424209875334914
dynamic,LP1,0,20,2,120,9.956530595503569,0.51815549788928,0.08137004832737199
dynamic,LP1,0.2,0,0.1,120,130.02347758377596,72.7957951200929,45.252207083011925
dynamic,LP1,0.2,0,0.2,120,122.08877750762215,68.06244475874402,46.72882434147123
dynamic,LP1,0.2,0,0.5,120,114.90164259806849,80.99021536657905,63.40440132384054
dynamic,LP1,0.2,0,1,120,114.62287814645701,98.83844088478305,81.83887896130165
dynamic,LP1,0.2,0,2,120,115.23860081461285,109.87510776552851,92.22960773672514
dynamic,LP1,0.2,0.1,0.1,120,121.72776327931894,23.75203531425523,3.7220311789328138
dynamic,LP1,0.2,0.1,0.2,120,113.60274567588634,20.68083750172726,3.2283299657400675
dynamic,LP1,0.2,0.1,0.5,120,94.4009722624426,19.332817031414333,3.0481506414075734
dynamic,LP1,0.2,0.1,1,120,70.74577360390872,20.450346201592865,3.0910296586314363
dynamic,LP1,0.2,0.1,2,120,46.49030798143123,23.39542758610585,3.303922295600249
dynamic,LP1,0.2,0.25,0.1,120,120.33663405792963,13.568783236402918,2.0173891174953984
dynamic,LP1,0.2,0.25,0.2,120,112.25087205048861,12.267179259986852,1.7779759343329102
dynamic,LP1,0.2,0.25,0.5,120,91.89604948381026,11.757266010385884,1.8066077210659317
dynamic,LP1,0.2,0.25,1,120,67.34889780366133,12.6118802270191,1.8713163290464228
dynamic,LP1,0.2,0.25,2,120,41.60091294361227,14.2046090589097,1.9697525926471453
dynamic,LP1,0.2,0.5,0.1,120,118.99333389750929,8.484019027021517,1.2627524104925725
dynamic,LP1,0.2,0.5,0.2,120,110.42351076199628,7.948653013327894,1.1557783328846487
dynamic,LP1,0.2,0.5,0.5,120,88.77072482507603,7.973536831864177,1.2242897646883968
dynamic,LP1,0.2,0.5,1,120,64.1236691761312,8.598373662692676,1.2758474939244908
dynamic,LP1,0.2,0.5,2,120,38.606271394659686,9.247272817573123,1.272457828776707
dynamic,LP1,0.2,1,0.1,120,115.74493975862624,5.575211801816602,0.8169821798572248
dynamic,LP1,0.2,1,0.2,120,105.87625930701803,5.410595842000697,0.8187593588685028
dynamic,LP1,0.2,1,0.5,120,82.31670011678685,5.682005304437379,0.8630969244660652
dynamic,LP1,0.2,1,1,120,58.573220481733856,5.923088545489508,0.8679990780885801
dynamic,LP1,0.2,1,2,120,35.12785723270148,5.696908311126429,0.7851234111996125
dynamic,LP1,0.2,2,0.1,120,100.91050752968869,4.170544627661074,0.6426640380018017
dynamic,LP1,0.2,2,0.2,120,89.9749735372112,4.129026865720634,0.6207704930445699
dynamic,LP1,0.2,2,0.5,120,68.02348964173615,4.009711648582218,0.6192431792270653
dynamic,LP1,0.2,2,1,120,48.506654787816224,3.799552043736276,0.5526044868920688
dynamic,LP1,0.2,2,2,120,30.447299305336205,3.3480357157868053,0.4749581848884907
dynamic,LP1,0.2,5,0.1,120,61.38857363919141,2.723514319517338,0.4236042943630914
dynamic,LP1,0.2,5,0.2,120,51.41036522791484,2.4686822230376193,0.39071141300940254
dynamic,LP1,0.2,5,0.5,120,39.810427245584734,2.0724081676100763,0.32519066296063204
dynamic,LP1,0.2,5,1,120,31.061785502570036,1.8221616791899375,0.28034936619019707
dynamic,LP1,0.2,5,2,120,22.203938827916563,1.6085725737035454,0.23687484566472058
dynamic,LP1,0.2,20,0.1,120,25.34778802749232,1.0329093323424101,0.16579279849939277
dynamic,LP1,0.2,20,0.2,120,20.488403517335872,0.8662386324479624,0.13744324037378677
dynamic,LP1,0.2,20,0.5,120,15.071446541092493,0.694003390039934,0.10940192421866737
dynamic,LP1,0.2,20,1,120,12.188709872390719,0.5980563943954391,0.09424209875334914
dynamic,LP1,0.2,20,2,120,9.956530595503569,0.51815549788928,0.08137004832737199
dynamic,LP1,0.4,0,0.1,120,100.25427536435396,59.947913702891384,37.31194605686414
dynamic,LP1,0.4,0,0.2,120,94.53371827489815,53.20608697950038,35.62405441679179
dynamic,LP1,0.4,0,0.5,120,88.32859734729145,58.21849915255789,44.814847034132136
dynamic,LP1,0.4,0,1,120,86.89907501750126,71.11952138687208,57.62856803029905
dynamic,LP1,0.4,0,2,120,88.51808712889992,82.59234147244304,69.47917620469947
dynamic,LP1,0.4,0.1,0.1,120,93.49422381621585,22.04006525046759,3.516169215132098
dynamic,LP1,0.4,0.1,0.2,120,88.50276521118226,18.71732348713497,3.007002793145437
dynamic,LP1,0.4,0.1,0.5,120,76.83883610550639,16.611900177902662,2.660235787492719
dynamic,LP1,0.4,0.1,1,120,61.62786435787839,16.834302703733076,2.72609656140748
dynamic,LP1,0.4,0.1,2,120,42.92382500937821,19.272250688806167,2.840299768582563
dynamic,LP1,0.4,0.25,0.1,120,92.19924072240565,13.081762155499819,1.9552510769629914
dynamic,LP1,0.4,0.25,0.2,120,87.49572534376807,11.445898273376928,1.7036487339337703
dynamic,LP1,0.4,0.25,0.5,120,75.43772819662365,10.425833662019244,1.5617677371962302
dynamic,LP1,0.4,0.25,1,120,59.37782077075011,10.594894173811804,1.6354072207484747
dynamic,LP1,0.4,0.25,2,120,39.696180632729636,12.269623298879955,1.7175728148635019
dynamic,LP1,0.4,0.5,0.1,120,91.38143841474879,8.031156957105658,1.179676862005347
dynamic,LP1,0.4,0.5,0.2,120,86.57433920276351,7.347849921298019,1.081463752611432
dynamic,LP1,0.4,0.5,0.5,120,73.8721811685304,6.917393508091821,1.0439776215497936
dynamic,LP1,0.4,0.5,1,120,57.2699674972745,7.198280627047796,1.1049740535434613
dynamic,LP1,0.4,0.5,2,120,37.5426591120667,8.302078433485137,1.1503625294002777
dynamic,LP1,0.4,1,0.1,120,89.92334242498771,5.023677466270026,0.7467580956040175
dynamic,LP1,0.4,1,0.2,120,84.62534790851562,4.7619847100663035,0.7030329766401064
dynamic,LP1,0.4,1,0.5,120,70.76345185952569,4.782598120683399,0.7224997788001357
dynamic,LP1,0.4,1,1,120,53.825086023219335,4.980620829406727,0.7627119760960414
dynamic,LP1,0.4,1,2,120,34.75576907382068,5.43414949738339,0.7535486671005401
dynamic,LP1,0.4,2,0.1,120,84.67450086546951,3.5495465205738586,0.5475201154809978
dynamic,LP1,0.4,2,0.2,120,78.13696732486251,3.4606725211893306,0.5240648893910627
dynamic,LP1,0.4,2,0.5,120,62.73793419672847,3.513514492133081,0.5323523917793705
dynamic,LP1,0.4,2,1,120,46.959191740687935,3.4839475768157135,0.5237700737070718
dynamic,LP1,0.4,2,2,120,30.39532659427628,3.322546163841303,0.47352300981036555
dynamic,LP1,0.4,5,0.1,120,57.17719879115649,2.46688332055644,0.36511375001637386
dynamic,LP1,0.4,5,0.2,120,50.121807983076614,2.2899136038841568,0.3575971545617636
dynamic,LP1,0.4,5,0.5,120,39.65384406511149,2.0497644172893876,0.3261793749093191
dynamic,LP1,0.4,5,1,120,31.051115053970776,1.8209992616646875,0.28042042768314596
dynamic,LP1,0.4,5,2,120,22.203938827916563,1.6085725737035454,0.23687484566472058
dynamic,LP1,0.4,20,0.1,120,25.074383563277017,1.0252514206472616,0.1639386910284784
dynamic,LP1,0.4,20,0.2,120,20.401428345645837,0.8656375019421089,0.13743668015107807
dynamic,LP1,0.4,20,0.5,120,15.068112909098678,0.693930266337927,0.1093852774210408
dynamic,LP1,0.4,20,1,120,12.188709872390719,0.5980563943954391,0.09424209875334914
dynamic,LP1,0.4,20,2,120,9.956530595503569,0.51815549788928,0.08137004832737199
dynamic,LP1,0.6000000000000001,0,0.1,120,69.31317466052676,45.22919223110314,28.331538038295225
dynamic,LP1,0.6000000000000001,0,0.2,120,65.65735903237976,38.942443463793495,25.607059799991703
dynamic,LP1,0.6000000000000001,0,0.5,120,60.74327754685886,36.83251478254397,27.17799049339085
dynamic,LP1,0.6000000000000001,0,1,120,58.843901965421054,43.3306294306907,34.28106224583806
dynamic,LP1,0.6000000000000001,0,2,120,59.601958901715754,52.739199696825075,43.88950270450071
dynamic,LP1,0.6000000000000001,0.1,0.1,120,64.33894931820039,19.39194613317028,3.1182771724000347
dynamic,LP1,0.6000000000000001,0.1,0.2,120,61.48376527792379,16.244917056695204,2.6959312851948742
dynamic,LP1,0.6000000000000001,0.1,0.5,120,55.63004140137255,13.48121375122684,2.2789724450163895
dynamic,LP1,0.6000000000000001,0.1,1,120,48.02555795193224,12.930875594055518,2.1853493644014597
dynamic,LP1,0.6000000000000001,0.1,2,120,36.64735052445253,13.821382953074767,2.2480007007192286
dynamic,LP1,0.6000000000000001,0.25,0.1,120,63.11660452157501,12.275370286631427,1.8592700734338412
dynamic,LP1,0.6000000000000001,0.25,0.2,120,60.667603509870695,10.52524085277852,1.6226135344942123
dynamic,LP1,0.6000000000000001,0.25,0.5,120,54.881110986455624,8.937497849390338,1.3655433103522787
dynamic,LP1,0.6000000000000001,0.25,1,120,46.91268906305144,8.651500040752317,1.347114528255317
dynamic,LP1,0.6000000000000001,0.25,2,120,34.95829559338952,9.142030242622944,1.3733452235806403
dynamic,LP1,0.6000000000000001,0.5,0.1,120,62.510364327212045,7.671998685363071,1.1093116898970163
dynamic,LP1,0.6000000000000001,0.5,0.2,120,60.16819427365131,6.784393557264191,1.0086958871043712
dynamic,LP1,0.6000000000000001,0.5,0.5,120,54.28414906459079,5.996849500964577,0.8794645081843583
dynamic,LP1,0.6000000000000001,0.5,1,120,45.94802455843891,5.8786325518456355,0.9033038443347379
dynamic,LP1,0.6000000000000001,0.5,2,120,33.6744484382096,6.3059397100826216,0.9356580675549983
dynamic,LP1,0.6000000000000001,1,0.1,120,61.84525546738871,4.584119068625777,0.6663219157041486
dynamic,LP1,0.6000000000000001,1,0.2,120,59.496690792533784,4.242008765954476,0.6313762079382802
dynamic,LP1,0.6000000000000001,1,0.5,120,53.23169720060015,3.920160623817573,0.5837490299367876
dynamic,LP1,0.6000000000000001,1,1,120,44.38536226502411,3.986768659958215,0.6121450016470545
dynamic,LP1,0.6000000000000001,1,2,120,32.06183431077562,4.299186669604729,0.6379237088077209
dynamic,LP1,0.6000000000000001,2,0.1,120,60.511513477118264,2.9322322158115433,0.42005878307772854
dynamic,LP1,0.6000000000000001,2,0.2,120,57.872470622062835,2.7876073127986247,0.4084913104348885
dynamic,LP1,0.6000000000000001,2,0.5,120,50.69861280478791,2.7334318112149583,0.4099199310617494
dynamic,LP1,0.6000000000000001,2,1,120,41.15834973965108,2.841002548759822,0.4315484574600454
dynamic,LP1,0.6000000000000001,2,2,120,29.286225350913526,2.961297157463986,0.433963342600643
dynamic,LP1,0.6000000000000001,5,0.1,120,48.90796274116637,2.003303406562246,0.31106675854009735
dynamic,LP1,0.6000000000000001,5,0.2,120,45.526130197219715,1.9151256569480635,0.2843450670058029
dynamic,LP1,0.6000000000000001,5,0.5,120,38.23654621976558,1.8367740548255482,0.28684416343998004
dynamic,LP1,0.6000000000000001,5,1,120,30.612083323195577,1.7499108555136307,0.27253697088963774
dynamic,LP1,0.6000000000000001,5,2,120,22.169353615214508,1.600766347835427,0.23633885745411198
dynamic,LP1,0.6000000000000001,20,0.1,120,24.060592312684317,1.0045537207011943,0.157885460945128
dynamic,LP1,0.6000000000000001,20,0.2,120,20.105451007805094,0.8591050584768973,0.13450562929418083
dynamic,LP1,0.6000000000000001,20,0.5,120,15.029563612515924,0.694855725966611,0.10937132893898956
dynamic,LP1,0.6000000000000001,20,1,120,12.187692925461521,0.5980082547959639,0.09421558352884297
dynamic,LP1,0.6000000000000001,20,2,120,9.956530595503569,0.51815549788928,0.08137004832737199
dynamic,LP1,0.8,0,0.1,120,36.645747602886665,27.870441169677985,17.89817371139953
dynamic,LP1,0.8,0,0.2,120,34.799627639153925,23.21007722116795,14.920498903167928
dynamic,LP1,0.8,0,0.5,120,32.18601483532836,18.665362691405324,12.466792579113312
dynamic,LP1,0.8,0,1,120,30.401807297638975,18.49080607175931,13.669837829578695
dynamic,LP1,0.8,0,2,120,29.576031262550462,21.967440251030496,17.39243728273886
dynamic,LP1,0.8,0.1,0.1,120,33.86230133814539,14.056540086322471,2.3648849969640104
dynamic,LP1,0.8,0.1,0.2,120,32.66807207704713,12.21931412900911,2.1180222252013237
dynamic,LP1,0.8,0.1,0.5,120,30.468243151312205,9.581069327794772,1.7942529531676326
dynamic,LP1,0.8,0.1,1,120,28.066330973238074,8.374679140796934,1.6224514457315875
dynamic,LP1,0.8,0.1,2,120,24.399395975451405,8.057141053919155,1.5860256500401366
dynamic,LP1,0.8,0.25,0.1,120,33.06050172926071,9.893482881904873,1.533917792883464
dynamic,LP1,0.8,0.25,0.2,120,32.010271229565824,8.831059459511115,1.3996916103425956
dynamic,LP1,0.8,0.25,0.5,120,30.071295546673454,7.0273149611415935,1.1428117817268881
dynamic,LP1,0.8,0.25,1,120,27.727357431140135,6.190220999380566,1.0114853772663592
dynamic,LP1,0.8,0.25,2,120,23.886527010763395,5.937839869126633,0.9715226270961659
dynamic,LP1,0.8,0.5,0.1,120,32.534961643378416,6.730701810893785,1.005611464544634
dynamic,LP1,0.8,0.5,0.2,120,31.559165579930088,6.137703908106063,0.9296427924427385
dynamic,LP1,0.8,0.5,0.5,120,29.80616727632288,5.006967954895585,0.7711558235092724
dynamic,LP1,0.8,0.5,1,120,27.440555321841284,4.4687486965539165,0.6827715740579665
dynamic,LP1,0.8,0.5,2,120,23.456344228745053,4.325750051806705,0.6735572546287196
dynamic,LP1,0.8,1,0.1,120,32.15768554574705,4.085821569254033,0.5861244942699456
dynamic,LP1,0.8,1,0.2,120,31.255396279630205,3.836000950559945,0.5546569717591299
dynamic,LP1,0.8,1,0.5,120,29.5692498311139,3.2749767225635265,0.48159893662438785
dynamic,LP1,0.8,1,1,120,27.142074425451874,2.998424594652229,0.4397321738397329
dynamic,LP1,0.8,1,2,120,22.974012174214806,2.93931597430693,0.4516519123338439
dynamic,LP1,0.8,2,0.1,120,31.7453353967665,2.3908117070278765,0.33816972906577086
dynamic,LP1,0.8,2,0.2,120,30.922625864532534,2.292058906614427,0.3331608567803449
dynamic,LP1,0.8,2,0.5,120,29.201228848044472,2.0751572086705283,0.30656167248331223
dynamic,LP1,0.8,2,1,120,26.61584858740453,1.9600802006962923,0.29187446283097424
dynamic,LP1,0.8,2,2,120,22.19268105652872,1.993384502993153,0.3060725794069486
dynamic,LP1,0.8,5,0.1,120,30.55809640626275,1.3712764872566219,0.19088644998524412
dynamic,LP1,0.8,5,0.2,120,29.74431065783638,1.3062200725406896,0.19008474616719978
dynamic,LP1,0.8,5,0.5,120,27.627631798921545,1.2389703161593664,0.18707621146654035
dynamic,LP1,0.8,5,1,120,24.51513344454915,1.2525789140267367,0.18740477483870874
dynamic,LP1,0.8,5,2,120,19.70104996683074,1.2731553437548004,0.19409583377784617
dynamic,LP1,0.8,20,0.1,120,19.693645887266097,0.8171515129991382,0.1292287132199427
dynamic,LP1,0.8,20,0.2,120,17.659404358622915,0.7596626531088719,0.11296503687488964
dynamic,LP1,0.8,20,0.5,120,14.533460197591232,0.6604596329955298,0.10343775571150499
dynamic,LP1,0.8,20,1,120,12.112287640187642,0.5937450464266575,0.0944000208855171
dynamic,LP1,0.8,20,2,120,9.9526068124775,0.5181020419486254,0.08129766578762411
dynamic,LP1,1,0,0.1,120,1.1065595132604771e-4,1.1035263903521745e-4,1.0853363996857428e-4
dynamic,LP1,1,0,0.2,120,1.1446746363286592e-4,1.1415374466204273e-4,1.1227209001462515e-4
dynamic,LP1,1,0,0.5,120,1.157425646918641e-4,1.1542543723822791e-4,1.1352282097415684e-4
dynamic,LP1,1,0,1,120,1.1549986870113911e-4,1.148670386423521e-4,1.1107065158472532e-4
dynamic,LP1,1,0,2,120,1.186227849313657e-4,1.1732270458018199e-4,1.0952465508795787e-4
dynamic,LP1,1,0.1,0.1,120,1.0934901685620247e-4,1.0906106937887793e-4,1.073072571252193e-4
dynamic,LP1,1,0.1,0.2,120,1.130232968892213e-4,1.1271974181964589e-4,1.1088472151942902e-4
dynamic,LP1,1,0.1,0.5,120,1.1460606575808971e-4,1.1429455726441251e-4,1.1242000269330062e-4
dynamic,LP1,1,0.1,1,120,0.00011568633870655938,1.1505555628232855e-4,1.1126309475224558e-4
dynamic,LP1,1,0.1,2,120,1.1950752361489967e-4,1.182005114220694e-4,1.1035340198660395e-4
dynamic,LP1,1,0.25,0.1,120,1.1146016363176472e-4,1.1118311263577031e-4,1.0945674191941394e-4
dynamic,LP1,1,0.25,0.2,120,1.1440989131209545e-4,1.1411153902660767e-4,1.1228707637583853e-4
dynamic,LP1,1,0.25,0.5,120,1.1545825269161526e-4,1.1514818336126298e-4,1.1327355847132169e-4
dynamic,LP1,1,0.25,1,120,1.1820024785957469e-4,1.1756031498572909e-4,1.1370079404950037e-4
dynamic,LP1,1,0.25,2,120,1.1339738679960667e-4,1.1216107499319788e-4,1.0528521433573649e-4
dynamic,LP1,1,0.5,0.1,120,1.0735240910797669e-4,1.071081096399081e-4,1.055286537212003e-4
dynamic,LP1,1,0.5,0.2,120,1.1268891412612771e-4,1.1240857013656269e-4,1.1066154818788395e-4
dynamic,LP1,1,0.5,0.5,120,1.1499474586051031e-4,1.1469194122548197e-4,1.1284724601923405e-4
dynamic,LP1,1,0.5,1,120,1.131620501066562e-4,1.1255671232934248e-4,1.0888561377348077e-4
dynamic,LP1,1,0.5,2,120,1.1352971443150859e-4,1.1229803214019109e-4,1.0521795866438473e-4
dynamic,LP1,1,1,0.1,120,1.0973221026018985e-4,1.0951741444817047e-4,1.0803187733392628e-4
dynamic,LP1,1,1,0.2,120,1.1412330829697125e-4,1.1386320531672577e-4,1.1218218066062977e-4
dynamic,LP1,1,1,0.5,120,1.1561708765213144e-4,1.1532405728989515e-4,1.135115562966454e-4
dynamic,LP1,1,1,1,120,1.1558874359001438e-4,1.1498484133528998e-4,1.1128276831126287e-4
dynamic,LP1,1,1,2,120,1.1540549613271703e-4,1.1416655375946828e-4,1.0666721477072014e-4
dynamic,LP1,1,2,0.1,120,1.1342087875591341e-4,1.1324579611894527e-4,1.1188435644180676e-4
dynamic,LP1,1,2,0.2,120,1.138125075674562e-4,1.1358963888377915e-4,1.1204849000196448e-4
dynamic,LP1,1,2,0.5,120,1.1640227885178296e-4,1.161277376239486e-4,1.1437879750079215e-4
dynamic,LP1,1,2,1,120,1.1811124629164945e-4,1.1752170295299002e-4,1.1382898394063266e-4
dynamic,LP1,1,2,2,120,1.1860549543383291e-4,1.1735820811766382e-4,1.0973943072259672e-4
dynamic,LP1,1,5,0.1,120,1.1271228999615605e-4,1.1260000180156244e-4,1.114762031932968e-4
dynamic,LP1,1,5,0.2,120,1.1472625755386849e-4,1.1456475002301063e-4,1.1324531370755386e-4
dynamic,LP1,1,5,0.5,120,1.1474350593687007e-4,1.1451854127537564e-4,1.1296365972408958e-4
dynamic,LP1,1,5,1,120,1.1943893001806433e-4,1.1891118923719475e-4,1.1539940408317463e-4
dynamic,LP1,1,5,2,120,1.1753522134027195e-4,1.1637146680852556e-4,1.0906086357990799e-4
dynamic,LP1,1,20,0.1,120,1.1735894025787001e-4,1.1731686774722692e-4,1.1638219083893608e-4
dynamic,LP1,1,20,0.2,120,1.1558357445566313e-4,1.1544969288862328e-4,1.1330053285995007e-4
dynamic,LP1,1,20,0.5,120,1.1268452131532939e-4,1.1246232371057471e-4,1.100562253155092e-4
dynamic,LP1,1,20,1,120,1.2094338978857832e-4,1.202112393744687e-4,1.1424739701261542e-4
dynamic,LP1,1,20,2,120,1.2147981821729248e-4,1.2002700103935807e-4,1.100646036753923e-4
